0,120.827304315756
5e-05,343.383816807149
0.0001,530.716291022219
0.00015,688.299806219223
0.0002,820.745082569793
0.00025,931.934979112382
0.0003,1025.13944100655
0.00035,1103.11229855996
0.0004,1168.17278330856
0.00045,1222.27417405203
0.0005,1267.06160479141
0.00055,1303.92074570615
0.0006,1334.0187981492
0.00065,1358.33901713313
0.0007,1377.70978319368
0.00075,1392.82908417939
0.0008,1404.28513164975
0.00085,1412.57372215011
0.0009,1418.11285728032
0.00095,1421.25505533579
0.001,1422.29771897156
0.00105,1421.4653571971
0.0011,1420.63300243785
0.00115,1419.50288670974
0.0012,1418.37278292168
0.00125,1417.24269104836
0.0013,1416.11261106445
0.00135,1414.98254294462
0.0014,1413.85248666352
0.00145,1412.7224421958
0.0015,1411.5924095161
0.00155,1410.46238859909
0.0016,1409.33237941946
0.00165,1408.20238195191
0.0017,1407.6453740916
0.00175,1408.04329034431
0.0018,1410.24632352272
0.00185,1413.74975343918
0.0019,1418.26755068838
0.00195,1423.55828803739
0.002,1429.41812739088
0.00205,1435.67491418101
0.0021,1442.18320432815
0.00215,1448.82007652558
0.0022,1455.48160584835
0.00225,1462.07989426431
0.0023,1468.54057011149
0.00235,1474.80068248954
0.0024,1480.80692820448
0.00245,1486.51415875169
0.0025,1491.88412311312
0.00255,1496.8844091271
0.0026,1501.48755206875
0.00265,1505.67028403038
0.0027,1509.41290186136
0.00275,1512.69873493803
0.0028,1515.51369699126
0.00285,1517.84590870972
0.0029,1519.68537993353
0.00295,1521.02374201926
0.003,1521.85402244413
0.00305,1522.17045496968
0.0031,1521.96831973991
0.00315,1521.24380857679
0.0032,1520.14923664377
0.00325,1519.05467371337
0.0033,1517.92411125701
0.00335,1516.79356119878
0.0034,1515.66302351417
0.00345,1514.53249817857
0.0035,1513.40198516727
0.00355,1512.27148445544
0.0036,1511.14099601821
0.00365,1510.01051983058
0.0037,1508.88005586751
0.00375,1507.74960410388
0.0038,1506.6191645145
0.00385,1505.48873707413
0.0039,1504.3583217575
0.00395,1503.22791853928
0.004,1502.09752739411
0.00405,1500.96714829661
0.0041,1499.83678122137
0.00415,1498.70642614297
0.0042,1497.57608303599
0.00425,1496.44575187502
0.0043,1495.31543263462
0.00435,1494.18512528941
0.0044,1493.05482981401
0.00445,1491.92454618305
0.0045,1490.79427437124
0.00455,1489.66401435329
0.0046,1488.53376610398
0.00465,1487.40352959814
0.0047,1486.27330481067
0.00475,1485.14309171654
0.0048,1484.01289029078
0.00485,1482.91186055588
0.0049,1482.51851760299
0.00495,1483.2743953017
0.005,1484.94614702171
0.00505,1487.30500720842
0.0051,1490.15799052919
0.00515,1493.34227281845
0.0052,1496.72045928377
0.00525,1500.17659987907
0.0053,1503.61283386947
0.00535,1506.94656423842
0.0054,1510.10807827356
0.00545,1513.03854387635
0.0055,1515.68832226459
0.00555,1518.01554710377
0.0056,1519.98492799205
0.00565,1521.56674286637
0.0057,1522.73598949137
0.00575,1523.47167090387
0.0058,1523.75619365284
0.00585,1523.57486101534
0.0059,1522.91544618265
0.00595,1521.84238481254
0.006,1520.76933222057
0.00605,1519.63901137907
0.0061,1518.50870282459
0.00615,1517.37840653273
0.0062,1516.24812247902
0.00625,1515.11785063886
0.0063,1513.98759098755
0.00635,1512.8573435003
0.0064,1511.72710815224
0.00645,1510.59688491843
0.0065,1509.46667377384
0.00655,1508.33647469338
0.0066,1507.20628765191
0.00665,1506.07611262424
0.0067,1504.94594958512
0.00675,1503.81579850928
0.0068,1502.6856593714
0.00685,1501.55553214616
0.0069,1500.42541680821
0.00695,1499.29531333218
0.007,1498.16522169271
0.00705,1497.03514186446
0.0071,1495.90507382206
0.00715,1494.77501754019
0.0072,1493.64497299355
0.00725,1492.51494015685
0.0073,1491.38491900487
0.00735,1490.25490951241
0.0074,1489.12491165434
0.00745,1487.99492540558
0.0075,1486.86495074111
0.00755,1485.734987636
0.0076,1484.60503606537
0.00765,1483.82023154438
0.0077,1483.69172180993
0.00775,1484.73306563525
0.0078,1486.60785021486
0.00785,1489.1001709031
0.0079,1492.02788609071
0.00795,1495.23731667858
0.008,1498.59878251759
0.00805,1502.0028436613
0.0081,1505.35713514302
0.00815,1508.58370155922
0.0082,1511.61675253768
0.00825,1514.40077262912
0.0083,1516.88892965421
0.00835,1519.04173437399
0.0084,1520.82591179331
0.00845,1522.21345067326
0.0085,1523.18080310546
0.00855,1523.70821044523
0.0086,1523.77913564286
0.00865,1523.37978516376
0.0087,1522.49870634196
0.00875,1521.37000864291
0.0088,1520.24131998612
0.00885,1519.11125350413
0.0089,1517.98119917349
0.00895,1516.85115696985
0.009,1515.72112686872
0.00905,1514.59110884552
0.0091,1513.46110287559
0.00915,1512.33110893415
0.0092,1511.20112699637
0.00925,1510.07115703732
0.0093,1508.94119903201
0.00935,1507.8112529554
0.0094,1506.68131878238
0.00945,1505.55139648779
0.0095,1504.42148604644
0.00955,1503.29158743309
0.0096,1502.16170062249
0.00965,1501.03182558937
0.0097,1499.90196230842
0.00975,1498.77211075436
0.0098,1497.64227090187
0.00985,1496.51244272568
0.0099,1495.38262620049
0.00995,1494.25282130106
0.01,1493.12302800215
0.01005,1491.99324627856
0.0101,1490.86347610515
0.01015,1489.7337174568
0.0102,1488.60397030847
0.01025,1487.47423463516
0.0103,1486.34451041196
0.01035,1485.21479761402
0.0104,1484.08509621658
0.01045,1483.73270314592
0.0105,1483.97310948136
0.01055,1485.424128858
0.0106,1487.60647517603
0.01065,1490.32021783461
0.0107,1493.39668059618
0.01075,1496.69353718419
0.0108,1500.09068130094
0.01085,1503.48674878735
0.0109,1506.79618895194
0.01095,1509.94679835389
0.011,1512.87764401584
0.01105,1515.53731457139
0.0111,1517.88244756128
0.01115,1519.87648926811
0.0112,1521.48865036509
0.01125,1522.69302645224
0.0113,1523.46785743613
0.01135,1523.79490382155
0.0114,1523.65892144564
0.01145,1523.04721910133
0.0115,1521.98672174511
0.01155,1520.92623290522
0.0116,1519.7964013335
0.01165,1518.66658180541
0.0117,1517.5367742967
0.01175,1516.40697878303
0.0118,1515.27719523993
0.01185,1514.14742364284
0.0119,1513.0176639671
0.01195,1511.88791618798
0.012,1510.75818028066
0.01205,1509.62845622025
0.0121,1508.49874398178
0.01215,1507.36904354025
0.0122,1506.23935487058
0.01225,1505.10967794767
0.0123,1503.98001274636
0.01235,1502.85035924147
0.0124,1501.72071740779
0.01245,1500.5910872201
0.0125,1499.46146865315
0.01255,1498.33186168172
0.0126,1497.20226628056
0.01265,1496.07268242446
0.0127,1494.94311008818
0.01275,1493.81354924656
0.0128,1492.68399987444
0.01285,1491.55446194669
0.0129,1490.42493543824
0.01295,1489.29542032408
0.013,1488.16591657923
0.01305,1487.03642417881
0.0131,1485.90694309797
0.01315,1484.77747331198
0.0132,1483.87827177432
0.01325,1483.65187987833
0.0133,1484.58389579177
0.01335,1486.37596063945
0.0134,1488.80800671957
0.01345,1491.69438330679
0.0135,1494.87845286786
0.01355,1498.22804054718
0.0136,1501.63160219502
0.01365,1504.99499748217
0.0137,1508.23877255757
0.01375,1511.29587179005
0.0138,1514.10971083847
0.01385,1516.63255399179
0.0139,1518.82414772931
0.01395,1520.65057003754
0.014,1522.08326140839
0.01405,1523.09820882369
0.0141,1523.67525856104
0.01415,1523.79753747164
0.0142,1523.45096559319
0.01425,1522.62384566704
0.0143,1521.50912836507
0.01435,1520.39441983928
0.0144,1519.26482924737
0.01445,1518.13525057015
0.0145,1517.00568378339
0.01455,1515.87612886275
0.0146,1514.74658578377
0.01465,1513.61705452191
0.0147,1512.48753505254
0.01475,1511.35802735094
0.0148,1510.22853139232
0.01485,1509.09904715182
0.0149,1507.96957460451
0.01495,1506.84011372541
0.015,1505.7106644895
0.01505,1504.58122687169
0.0151,1503.45180084689
0.01515,1502.32238638996
0.0152,1501.19298347573
0.01525,1500.06359207905
0.0153,1498.93421217472
0.01535,1497.80484373757
0.0154,1496.67548674242
0.01545,1495.54614116411
0.0155,1494.41680697751
0.01555,1493.28748415749
0.0156,1492.15817267897
0.01565,1491.02887251692
0.0157,1489.89958364634
0.01575,1488.77030604229
0.0158,1487.6410396799
0.01585,1486.51178453435
0.0159,1485.3825405809
0.01595,1484.25330779492
0.016,1483.79000327812
0.01605,1483.93566100529
0.0161,1485.28111277948
0.01615,1487.38392327146
0.0162,1490.04008834773
0.01625,1493.07749803831
0.0163,1496.35093110927
0.01635,1499.73784000676
0.0164,1503.13480137584
0.01645,1506.45452706052
0.0165,1509.6233470841
0.01655,1512.57909008117
0.0166,1515.26929842004
0.01665,1517.6497251626
0.0167,1519.68306835368
0.01675,1521.33790515873
0.0168,1522.58779428637
0.01685,1523.41052011563
0.0169,1523.78745614426
0.01695,1523.70302890862
0.017,1523.14426650141
0.01705,1522.09750882618
0.0171,1521.05075940744
0.01715,1519.92139110195
0.0172,1518.79203460975
0.01725,1517.66268990674
0.0173,1516.53335696867
0.01735,1515.40403577122
0.0174,1514.27472628995
0.01745,1513.14542850034
0.0175,1512.01614237777
0.01755,1510.88686789755
0.0176,1509.75760503491
0.01765,1508.62835376502
0.0177,1507.49911406298
0.01775,1506.36988590386
0.0178,1505.24066926265
0.01785,1504.11146411433
0.0179,1502.98227043383
0.01795,1501.85308819607
0.018,1500.72391737592
0.01805,1499.59475794829
0.0181,1498.46560988804
0.01815,1497.33647317005
0.0182,1496.20734776921
0.01825,1495.07823366042
0.0183,1493.94913081862
0.01835,1492.82003921874
0.0184,1491.6909588358
0.01845,1490.56188964482
0.0185,1489.43283162089
0.01855,1488.30378473915
0.0186,1487.17474897483
0.01865,1486.04572430318
0.0187,1484.91671069958
0.01875,1483.90616687167
0.0188,1483.58462818375
0.01885,1484.4105852709
0.0189,1486.12267894739
0.01895,1488.49676100629
0.019,1491.34374112524
0.01905,1494.50408188137
0.0191,1497.84316301512
0.01915,1501.24737769303
0.0192,1504.6208451886
0.01925,1507.88264264887
0.0193,1510.96447398103
0.01935,1513.80870683479
0.0194,1516.36671955349
0.01945,1518.59750914451
0.0195,1520.46651904766
0.01955,1521.94465198829
0.0196,1523.00743868266
0.01965,1523.63433777827
0.0197,1523.80814629849
0.01975,1523.514503134
0.0198,1522.7414708796
0.01985,1521.64074465171
0.0199,1520.54002694327
0.01995,1519.41088678856
0.02,1518.28175832464
0.02005,1517.1526415274
0.0201,1516.02353637263
0.02015,1514.894442836
0.0202,1513.76536089309
0.02025,1512.63629051939
0.0203,1511.50723169031
0.02035,1510.37818438118
0.0204,1509.24914856725
0.02045,1508.12012422372
0.0205,1506.99111132573
0.02055,1505.86210984837
0.0206,1504.73311976667
0.02065,1503.60414105566
0.0207,1502.47517369031
0.02075,1501.34621764558
0.0208,1500.21727289641
0.02085,1499.08833941773
0.0209,1497.95941718448
0.02095,1496.83050617159
0.021,1495.70160635402
0.02105,1494.57271770673
0.0211,1493.44384020471
0.02115,1492.31497382299
0.0212,1491.18611853665
0.02125,1490.05727432078
0.0213,1488.92844115057
0.02135,1487.79961900124
0.0214,1486.67080784807
0.02145,1485.54200766645
0.0215,1484.41321843181
0.02155,1483.83918479306
0.0216,1483.89025518487
0.02165,1485.13033500772
0.0217,1487.15377016749
0.02175,1489.7524889188
0.0218,1492.75095254664
0.02185,1496.00104906094
0.0219,1499.37779319079
0.02195,1502.77570536669
0.022,1506.10576247966
0.02205,1509.29283013278
0.0221,1512.2735003549
0.02215,1514.99427075034
0.0222,1517.41001116678
0.02225,1519.48267247644
0.0223,1521.18019923406
0.02235,1522.4756140122
0.0224,1523.34624629819
0.02245,1523.77308311792
0.0225,1523.74022215713
0.02255,1523.23441118674
0.0226,1522.2013775412
0.02265,1521.16835190157
0.0227,1520.03942208962
0.02275,1518.91050387305
0.0228,1517.78159722786
0.02285,1516.65270212995
0.0229,1515.52381855511
0.02295,1514.39494647903
0.023,1513.2660858773
0.02305,1512.13723672542
0.0231,1511.00839899882
0.02315,1509.87957267286
0.0232,1508.75075772281
0.02325,1507.62195412389
0.0233,1506.49316185129
0.02335,1505.36438088012
0.0234,1504.23561118546
0.02345,1503.10685274237
0.0235,1501.97810552586
0.02355,1500.84936951094
0.0236,1499.72064467261
0.02365,1498.59193098584
0.0237,1497.46322842564
0.02375,1496.33453696698
0.0238,1495.20585658488
0.02385,1494.07718725438
0.0239,1492.94852895054
0.02395,1491.81988164845
0.024,1490.69124532326
0.02405,1489.56261995016
0.0241,1488.43400550439
0.02415,1487.30540196126
0.0242,1486.17680929616
0.02425,1485.04822748453
0.0243,1483.92645838131
0.02435,1483.50987553899
0.0244,1484.22989909416
0.02445,1485.86212264536
0.0245,1488.17832167898
0.02455,1490.98596981269
0.0246,1494.12263271383
0.02465,1497.45124722951
0.0247,1500.85614595775
0.02475,1504.239709557
0.0248,1507.51954767397
0.02485,1510.62612501939
0.0249,1513.50076229978
0.02495,1516.09395281089
0.025,1518.36394484468
0.02505,1520.27554793146
0.0251,1521.79912756655
0.02515,1522.9097586524
0.0252,1523.58651258648
0.02525,1523.81185688403
0.0253,1523.57114955732
0.02535,1522.85221328022
0.0254,1521.76546227828
0.02545,1520.67871954806
0.0255,1519.55000573518
0.02555,1518.42130340127
0.0256,1517.29261252235
0.02565,1516.16393307432
0.0257,1515.03526503297
0.02575,1513.906608374
0.0258,1512.77796307303
0.02585,1511.64932910556
0.0259,1510.52070644705
0.02595,1509.39209507286
0.026,1508.26349495832
0.02605,1507.13490607866
0.0261,1506.00632840909
0.02615,1504.87776192476
0.0262,1503.7492066008
0.02625,1502.6206624123
0.0263,1501.49212933432
0.02635,1500.36360734191
0.0264,1499.23509641012
0.02645,1498.10659651397
0.0265,1496.97810762852
0.02655,1495.84962972882
0.0266,1494.72116278994
0.02665,1493.59270678698
0.0267,1492.46426169507
0.02675,1491.33582748937
0.0268,1490.2074041451
0.02685,1489.07899163753
0.0269,1487.95058994199
0.02695,1486.82219903386
0.027,1485.69381888861
0.02705,1484.5654494818
0.0271,1483.88079745315
0.02715,1483.83737760075
0.0272,1484.97220411281
0.02725,1486.91635956788
0.0273,1489.45770861288
0.02735,1492.41728716112
0.0274,1495.64409530842
0.02745,1499.01071246125
0.0275,1502.40960485291
0.02755,1505.75001612117
0.0276,1508.95534888098
0.02765,1511.96095976201
0.0277,1514.71230262114
0.02775,1517.1633649482
0.0278,1519.27535116417
0.02785,1521.01557382055
0.0279,1522.35651986539
0.02795,1523.27506432486
0.028,1523.75180811519
0.02805,1523.77052037607
0.0281,1523.31766881246
0.02815,1522.29834373239
0.0282,1521.2790264164
0.02825,1520.15051164998
0.0283,1519.02200827277
0.02835,1517.89351626091
0.0284,1516.7650355904
0.02845,1515.63656623716
0.0285,1514.50810817698
0.02855,1513.37966138557
0.0286,1512.25122583856
0.02865,1511.12280151147
0.0287,1509.99438837978
0.02875,1508.86598641888
0.0288,1507.73759560411
0.02885,1506.60921591074
0.0289,1505.480847314
0.02895,1504.35248978909
0.029,1503.22414331116
0.02905,1502.09580785534
0.0291,1500.96748339674
0.02915,1499.83916991047
0.0292,1498.7108673716
0.02925,1497.58257575523
0.0293,1496.45429503646
0.02935,1495.3260251904
0.0294,1494.19776619218
0.02945,1493.06951801697
0.0295,1491.94128063997
0.02955,1490.8130540364
0.0296,1489.68483818157
0.02965,1488.55663305081
0.0297,1487.42843861953
0.02975,1486.30025486321
0.0298,1485.17208175739
0.02985,1484.04391927771
0.0299,1483.78881315707
0.02995,1484.11173223141
0.03,1485.65315399996
0.03005,1487.90226015767
0.0301,1490.66281678932
0.03015,1493.76926404191
0.0302,1497.08190335341
0.03025,1500.48284463364
0.0303,1503.87259340309
0.03035,1507.16717684069
0.0304,1510.29572364534
0.03045,1513.19842605095
0.0305,1515.82482364882
0.03055,1518.13235819861
0.0306,1520.08515663265
0.03065,1521.6530062149
0.0307,1522.81049150584
0.03075,1523.53626757595
0.0308,1523.81244794571
0.03085,1523.62408912784
0.0309,1522.95875650915
0.03095,1521.88585140911
0.031,1520.81295434237
0.03105,1519.68464405135
0.0311,1518.55634503894
0.03115,1517.42805728126
0.0312,1516.29978075433
0.03125,1515.17151543405
0.0313,1514.04326129623
0.03135,1512.91501831659
0.0314,1511.78678647076
0.03145,1510.65856573431
0.0315,1509.5303560827
0.03155,1508.40215749136
0.0316,1507.27396993565
0.03165,1506.14579339087
0.0317,1505.01762783229
0.03175,1503.88947323513
0.0318,1502.76132957459
0.03185,1501.63319682582
0.0319,1500.505074964
0.03195,1499.37696396426
0.032,1498.24886380173
0.03205,1497.12077445157
0.0321,1495.99269588893
0.03215,1494.86462808897
0.0322,1493.73657102689
0.03225,1492.60852467792
0.0323,1491.48048901732
0.03235,1490.35246402041
0.0324,1489.22444966254
0.03245,1488.09644591913
0.0325,1486.96845276567
0.03255,1485.84047017772
0.0326,1484.71249813091
0.03265,1483.91705420315
0.0327,1483.77898644079
0.03275,1484.80837374146
0.0328,1486.67308862887
0.03285,1489.15692855884
0.0329,1492.07750105677
0.03295,1495.28091576559
0.033,1498.63731463229
0.03305,1502.03710789456
0.0331,1505.38780442325
0.03315,1508.61134257127
0.0332,1511.6418424969
0.03325,1514.42371340712
0.0333,1516.91005967432
0.03335,1519.0613386287
0.0334,1520.84423028008
0.03345,1522.23068549851
0.0335,1523.19712446686
0.03355,1523.72376166961
0.0336,1523.79403742864
0.03365,1523.39413915359
0.0337,1522.51259813131
0.03375,1521.38526257402
0.0338,1520.25793532657
0.03385,1519.12982458754
0.0339,1518.00172501896
0.03395,1516.87363659693
0.034,1515.74555929749
0.03405,1514.61749309653
0.0341,1513.48943796988
0.03415,1512.36139389327
0.0342,1511.23336084234
0.03425,1510.10533879267
0.0343,1508.97732771974
0.03435,1507.84932759901
0.0344,1506.72133840586
0.03445,1505.59336011562
0.0345,1504.46539270358
0.03455,1503.337436145
0.0346,1502.20949041512
0.03465,1501.08155548915
0.0347,1499.95363134228
0.03475,1498.82571794969
0.0348,1497.69781528659
0.03485,1496.56992332816
0.0349,1495.44204204961
0.03495,1494.31417142617
0.035,1493.1863114331
0.03505,1492.05846204569
0.0351,1490.93062323928
0.03515,1489.80279498923
0.0352,1488.67497727099
0.03525,1487.54717006005
0.0353,1486.41937333198
0.03535,1485.29158706241
0.0354,1484.16381122708
0.03545,1483.80404566815
0.0355,1484.03782232379
0.03555,1485.48039638435
0.0356,1487.6556298975
0.03565,1490.36338188146
0.0357,1493.43479893336
0.03575,1496.72740558276
0.0358,1500.1209698933
0.03585,1503.51402190348
0.0359,1506.82092182383
0.03595,1509.96939118259
0.036,1512.89843381763
0.03605,1515.55658515359
0.0361,1517.900437923
0.03615,1519.89340067477
0.0362,1521.50465230591
0.03625,1522.70826165717
0.0363,1523.48244610068
0.03635,1523.80894716462
0.0364,1523.67250470556
0.03645,1523.06041405897
0.0365,1522.00125630872
0.03655,1520.94210636195
0.0366,1519.81417799727
0.03665,1518.68626072166
0.0367,1517.55835451134
0.03675,1516.43045934244
0.0368,1515.30257519098
0.03685,1514.17470203287
0.0369,1513.04683984394
0.03695,1511.91898859992
0.037,1510.79114827648
0.03705,1509.6633188492
0.0371,1508.5355002936
0.03715,1507.40769258513
0.0372,1506.27989569922
0.03725,1505.15210961122
0.0373,1504.02433429646
0.03735,1502.89656973022
0.0374,1501.76881588779
0.03745,1500.6410727444
0.0375,1499.5133402753
0.03755,1498.38561845572
0.0376,1497.2579072609
0.03765,1496.13020666609
0.0377,1495.00251664654
0.03775,1493.87483717756
0.0378,1492.74716823445
0.03785,1491.61950979257
0.0379,1490.49186182732
0.03795,1489.36422431416
0.038,1488.23659722858
0.03805,1487.10898054616
0.0381,1485.98137424255
0.03815,1484.85377829347
0.0382,1483.94743661852
0.03825,1483.71462387398
0.0383,1484.63845803129
0.03835,1486.4236320373
0.0384,1488.84987437633
0.03845,1491.731362688
0.0385,1494.91131490235
0.03855,1498.25743444702
0.0386,1501.65807467261
0.03865,1505.01900893322
0.0387,1508.2607106891
0.03875,1511.31606309672
0.0388,1514.128430267
0.03885,1516.65003307952
0.0389,1518.84058145786
0.03895,1520.66612260429
0.039,1522.09807108687
0.03905,1523.11239205647
0.0391,1523.68891340653
0.03915,1523.81074650659
0.0392,1523.46379835705
0.03925,1522.63636072027
0.0393,1521.52296010083
0.03935,1520.40956756413
0.0394,1519.28182813774
0.03945,1518.15409969757
0.0395,1517.02638221986
0.03955,1515.89867568072
0.0396,1514.77098005618
0.03965,1513.64329532216
0.0397,1512.51562145448
0.03975,1511.38795842889
0.0398,1510.26030622108
0.03985,1509.13266480662
0.0399,1508.00503416108
0.03995,1506.87741425993
0.04,1505.7498050786
0.04005,1504.62220659248
0.0401,1503.49461877694
0.04015,1502.36704160729
0.0402,1501.23947505884
0.04025,1500.11191910689
0.0403,1498.98437372671
0.04035,1497.85683889359
0.0404,1496.72931458281
0.04045,1495.60180076967
0.0405,1494.47429742949
0.04055,1493.34680453762
0.0406,1492.21932206944
0.04065,1491.09185000036
0.0407,1489.96438830586
0.04075,1488.83693696146
0.0408,1487.70949594273
0.04085,1486.58206522532
0.0409,1485.45464478497
0.04095,1484.32723459747
0.041,1483.85701855796
0.04105,1483.99646091197
0.0411,1485.33399034708
0.04115,1487.43012846927
0.0412,1490.08067379596
0.04125,1493.11335016625
0.0413,1496.38279639404
0.04135,1499.76634706949
0.0414,1503.16047958912
0.04145,1506.47782221816
0.0415,1509.64463459677
0.04155,1512.59868608877
0.0416,1515.28746914957
0.04165,1517.66669480857
0.0417,1519.69902571435
0.04175,1521.35300922459
0.0418,1522.60217894628
0.04185,1523.42429811998
0.0419,1523.80072244238
0.04195,1523.71586345926
0.042,1523.15673663951
0.04205,1522.11124764832
0.0421,1521.06576623888
0.04215,1519.93819936857
0.0422,1518.81064340802
0.04225,1517.68309833358
0.0423,1516.55556412147
0.04235,1515.42804074781
0.0424,1514.30052818862
0.04245,1513.17302641982
0.0425,1512.04553541726
0.04255,1510.91805515669
0.0426,1509.79058561379
0.04265,1508.66312676419
0.0427,1507.53567858343
0.04275,1506.40824104704
0.0428,1505.28081413046
0.04285,1504.15339780911
0.0429,1503.02599205838
0.04295,1501.89859685363
0.043,1500.77121217021
0.04305,1499.64383798344
0.0431,1498.51647426865
0.04315,1497.38912100117
0.0432,1496.26177815633
0.04325,1495.13444570949
0.0433,1494.00712363601
0.04335,1492.87981191131
0.0434,1491.75251051083
0.04345,1490.62521941005
0.0435,1489.49793858449
0.04355,1488.37066800977
0.0436,1487.24340766153
0.04365,1486.11615751549
0.0437,1484.98891754746
0.04375,1483.97161676781
0.0438,1483.64400180053
0.04385,1484.46221608316
0.0439,1486.16778859143
0.04395,1488.53637824276
0.044,1491.37873229103
0.04405,1494.53517653362
0.0441,1497.8709755265
0.04415,1501.27242543748
0.0442,1504.64356385582
0.04425,1507.9033991409
0.0443,1510.98357727273
0.04435,1513.82641711954
0.0444,1516.38325594503
0.04445,1518.61305616272
0.0445,1520.48123208035
0.04455,1521.9586618907
0.0446,1523.02085565075
0.04465,1523.64725461047
0.0447,1523.82064114251
0.04475,1523.5266417999
0.0448,1522.75330878776
0.04485,1521.65382882419
0.0449,1520.5543567237
0.04495,1519.42696874543
0.045,1518.29959157913
0.04505,1517.17222520114
0.0451,1516.04486958768
0.04515,1514.91752471486
0.0452,1513.79019055871
0.04525,1512.66286709515
0.0453,1511.53555430003
0.04535,1510.40825214911
0.0454,1509.28096061811
0.04545,1508.15367968264
0.0455,1507.02640931829
0.04555,1505.89914950058
0.0456,1504.771900205
0.04565,1503.64466140699
0.0457,1502.51743308198
0.04575,1501.39021520535
0.0458,1500.26300775249
0.04585,1499.13581069877
0.0459,1498.00862401955
0.04595,1496.88144769022
0.046,1495.75428168615
0.04605,1494.62712598275
0.0461,1493.49998055546
0.04615,1492.37284537972
0.0462,1491.24572043106
0.04625,1490.11860568501
0.0463,1488.99150111718
0.04635,1487.86440670324
0.0464,1486.7373224189
0.04645,1485.61024823997
0.0465,1484.48318414234
0.04655,1483.90260856711
0.0466,1483.94779595421
0.04665,1485.18037709962
0.0467,1487.19749672354
0.04675,1489.79089628288
0.0468,1492.78487975717
0.04685,1496.03120268683
0.0469,1499.40476824614
0.04695,1502.80000292344
0.047,1506.12780449953
0.04705,1509.31297195742
0.0471,1512.2920412241
0.04715,1515.01146265958
0.0472,1517.42606632634
0.04725,1519.49776959279
0.0473,1521.19448879956
0.04735,1522.48922275963
0.0474,1523.35928095199
0.04745,1523.78563355317
0.0475,1523.7523640598
0.04755,1523.24620829386
0.0476,1522.2143755238
0.04765,1521.18255012099
0.0477,1520.05532541441
0.04775,1518.92811144799
0.0478,1517.80090819818
0.04785,1516.67371564129
0.0479,1515.54653375355
0.04795,1514.41936251107
0.048,1513.29220188987
0.04805,1512.16505186589
0.0481,1511.03791241497
0.04815,1509.9107835129
0.0482,1508.78366513539
0.04825,1507.65655725809
0.0483,1506.52945985659
0.04835,1505.40237290645
0.0484,1504.27529638317
0.04845,1503.14823026223
0.0485,1502.02117451907
0.04855,1500.89412912913
0.0486,1499.76709406783
0.04865,1498.64006931057
0.0487,1497.51305483277
0.04875,1496.38605060985
0.0488,1495.25905661724
0.04885,1494.1320728304
0.0489,1493.00509922483
0.04895,1491.87813577603
0.049,1490.75118245957
0.04905,1489.62423925108
0.0491,1488.49730612621
0.04915,1487.3703830607
0.0492,1486.24347003036
0.04925,1485.11656701106
0.0493,1483.98967397877
0.04935,1483.83236990906
0.0494,1484.23826414915
0.04945,1485.87071084391
0.0495,1488.18709702921
0.04955,1490.99490200478
0.0496,1494.13169622311
0.04965,1497.46042056099
0.0497,1500.86541101001
0.04975,1504.24905108648
0.0498,1507.52895284378
0.04985,1510.63558301944
0.0499,1513.51026402676
0.04995,1516.10349059889
0.05,1518.37351223825
0.05005,1520.28513949451
0.0501,1521.80873872146
0.05015,1522.91938554448
0.0502,1523.59615196985
0.05025,1523.82150602551
0.0503,1523.58080615552
0.05035,1522.86187539733
0.0504,1521.77637035607
0.05045,1520.69087296483
0.0505,1519.56381764183
0.05055,1518.43677296598
0.0506,1517.3097389137
0.05065,1516.18271546132
0.0507,1515.05570258504
0.05075,1513.92870026098
0.0508,1512.80170846516
0.05085,1511.67472717352
0.0509,1510.54775636193
0.05095,1509.42079600616
0.051,1508.29384608195
0.05105,1507.16690656496
0.0511,1506.03997743081
0.05115,1504.91305865506
0.0512,1503.78615021326
0.05125,1502.6592520809
0.0513,1501.53236423348
0.05135,1500.40548664644
0.0514,1499.27861929525
0.05145,1498.15176215536
0.0515,1497.02491520223
0.05155,1495.89807841132
0.0516,1494.77125175811
0.05165,1493.64443521813
0.0517,1492.5176287669
0.05175,1491.39083238002
0.0518,1490.2640460331
0.05185,1489.13726970183
0.0519,1488.01050336195
0.05195,1486.88374698925
0.052,1485.75700055962
0.05205,1484.63026404902
0.0521,1483.93958314695
0.05215,1483.89074117303
0.0522,1485.01864467037
0.05225,1486.95696941681
0.0523,1489.49340760253
0.05235,1492.44884991212
0.0524,1495.67217414192
0.05245,1499.03585670795
0.0525,1502.43227711359
0.05255,1505.77060595986
0.0526,1508.9741843563
0.05265,1511.97831713782
0.0527,1514.72841454406
0.05275,1517.17842733409
0.0528,1519.28952899725
0.05285,1521.02900603704
0.0529,1522.36932346602
0.05295,1523.28733783812
0.053,1523.76363451379
0.05305,1523.78196953293
0.0531,1523.32879956897
0.05315,1522.31061296827
0.0532,1521.29243352715
0.05325,1520.16553268747
0.0533,1519.03864242752
0.05335,1517.91176272385
0.0534,1516.78489355287
0.05345,1515.65803489089
0.0535,1514.53118671411
0.05355,1513.40434899866
0.0536,1512.27752172056
0.05365,1511.15070485575
0.0537,1510.02389838009
0.05375,1508.89710226939
0.0538,1507.77031649939
0.05385,1506.64354104576
0.0539,1505.51677588415
0.05395,1504.39002099015
0.054,1503.26327633931
0.05405,1502.13654190718
0.0541,1501.00981766927
0.05415,1499.88310360106
0.0542,1498.75639967806
0.05425,1497.62970587577
0.0543,1496.50302216967
0.05435,1495.37634853528
0.0544,1494.24968494815
0.05445,1493.12303138383
0.0545,1491.99638781792
0.05455,1490.86975422606
0.0546,1489.74313058394
0.05465,1488.61651686731
0.0547,1487.48991305197
0.05475,1486.36331911379
0.0548,1485.23673502873
0.05485,1484.11016077283
0.0549,1483.84882187736
0.05495,1484.16613661673
0.055,1485.70043008508
0.05505,1487.94353265851
0.0551,1490.69903284791
0.05515,1493.80122126237
0.0552,1497.11027341156
0.05525,1500.50819315899
0.0553,1503.89539672184
0.05535,1507.18783607524
0.0554,1510.31457658774
0.05545,1513.21575716172
0.0555,1515.84087247715
0.05555,1518.14732647309
0.0556,1520.09921423254
0.05565,1521.66629619862
0.0557,1522.82313434554
0.05575,1523.5483647235
0.0558,1523.82408483571
0.05585,1523.63533770649
0.0559,1522.96967736381
0.05595,1521.89787548687
0.056,1520.82608105526
0.05605,1519.69934055761
0.0561,1518.57261055121
0.05615,1517.4458910126
0.0562,1516.31918191817
0.05625,1515.19248324424
0.0563,1514.06579496701
0.05635,1512.93911706259
0.0564,1511.81244950701
0.05645,1510.68579227621
0.0565,1509.55914534607
0.05655,1508.43250869241
0.0566,1507.30588229096
0.05665,1506.17926611744
0.0567,1505.0526601475
0.05675,1503.92606435675
0.0568,1502.79947872079
0.05685,1501.67290321516
0.0569,1500.54633781543
0.05695,1499.41978249712
0.057,1498.29323723576
0.05705,1497.16670200689
0.0571,1496.04017678605
0.05715,1494.91366154881
0.0572,1493.78715627074
0.05725,1492.66066092748
0.0573,1491.53417549466
0.05735,1490.407699948
0.0574,1489.28123426323
0.05745,1488.15477841618
0.0575,1487.02833238272
0.05755,1485.90189613879
0.0576,1484.77546966042
0.05765,1483.97413218441
0.0577,1483.83076459864
0.05775,1484.85339891824
0.0578,1486.71242631334
0.05785,1489.19147601684
0.0579,1492.10801389084
0.05795,1495.30803028132
0.058,1498.66156667332
0.05805,1502.0589487039
0.0581,1505.4076140003
0.05815,1508.62944092005
0.0582,1511.65849909831
0.05825,1514.43915519573
0.0583,1516.92447775573
0.05835,1519.07489393633
0.0584,1520.8570583389
0.05845,1522.24290043656
0.0585,1523.20882239353
0.05855,1523.73502352044
0.0586,1523.80493136106
0.05865,1523.40472256433
0.0587,1522.52291935537
0.05875,1521.39666978778
0.0588,1520.27042795806
0.05885,1519.143844088
0.0589,1518.01727062256
0.05895,1516.89070753826
0.059,1515.76415481148
0.05905,1514.63761241854
0.0591,1513.51108033563
0.05915,1512.38455853885
0.0592,1511.25804700425
0.05925,1510.13154570777
0.0593,1509.00505462529
0.05935,1507.87857373265
0.0594,1506.7521030056
0.05945,1505.62564241986
0.0595,1504.4991919511
0.05955,1503.37275157497
0.0596,1502.24632126709
0.05965,1501.11990100303
0.0597,1499.99349075839
0.05975,1498.86709050872
0.0598,1497.7407002296
0.05985,1496.61431989661
0.0599,1495.48794948532
0.05995,1494.36158897136
0.06,1493.23523833036
0.06005,1492.10889753799
0.0601,1490.98256656996
0.06015,1489.85624540203
0.0602,1488.72993401002
0.06025,1487.60363236979
0.0603,1486.47734045731
0.06035,1485.35105824857
0.0604,1484.22478571969
0.06045,1483.85931961648
0.0605,1484.08796989774
0.06055,1485.52400967409
0.0606,1487.69373985631
0.06065,1490.39685669228
0.0607,1493.46436970759
0.06075,1496.7536880016
0.0608,1500.14448243228
0.06085,1503.53520117965
0.0609,1506.84013551988
0.06095,1509.98694893047
0.061,1512.91459636377
0.06105,1515.57157207716
0.0611,1517.91443413557
0.06115,1519.90656189371
0.0612,1521.51710966373
0.06125,1522.72012558302
0.0613,1523.49380958913
0.06135,1523.81988852826
0.0614,1523.68308989308
0.06145,1523.0706986072
0.0615,1522.01258726967
0.06155,1520.95448317908
0.0616,1519.82804066504
0.06165,1518.70160849481
0.0617,1517.57518664502
0.06175,1516.44877509215
0.0618,1515.32237381259
0.06185,1514.19598278264
0.0619,1513.0696019785
0.06195,1511.94323137627
0.062,1510.81687095198
0.06205,1509.6905206816
0.0621,1508.56418054102
0.06215,1507.43785050606
0.0622,1506.31153055251
0.06225,1505.18522065611
0.0623,1504.05892079254
0.06235,1502.93263093748
0.0624,1501.80635106657
0.06245,1500.68008115541
0.0625,1499.55382117964
0.06255,1498.42757111484
0.0626,1497.30133093662
0.06265,1496.17510062062
0.0627,1495.04888014245
0.06275,1493.92266947777
0.0628,1492.79646860229
0.06285,1491.67027749171
0.0629,1490.5440961218
0.06295,1489.4179244684
0.063,1488.29176250736
0.06305,1487.16561021464
0.0631,1486.03946756625
0.06315,1484.91333453828
0.0632,1484.00141983352
0.06325,1483.76359548087
0.0633,1484.68104351697
0.06335,1486.46083901291
0.0634,1488.88255136821
0.06345,1491.76022425451
0.0635,1494.93696278524
0.06355,1498.2803753833
0.0636,1501.67873539421
0.06365,1505.03774879847
0.0637,1508.27783231992
0.06375,1511.33182133634
0.0638,1514.14303972343
0.06385,1516.66367447804
0.0639,1518.85340699049
0.06395,1520.67826043477
0.064,1522.1096291443
0.06405,1523.12346123003
0.0641,1523.69957023576
0.06415,1523.82105544701
0.0642,1523.47381368799
0.06425,1522.64612815153
0.0643,1521.53375551172
0.06435,1520.42139041327
0.0644,1519.29509620815
0.06445,1518.16881226438
0.0645,1517.04253855858
0.06455,1515.91627506721
0.0646,1514.79002176667
0.06465,1513.66377863323
0.0647,1512.53754564309
0.06475,1511.41132277236
0.0648,1510.28510999708
0.06485,1509.1589072932
0.0649,1508.03271463663
0.06495,1506.90653200322
0.065,1505.78035936875
0.06505,1504.65419670899
0.0651,1503.52804399965
0.06515,1502.40190121641
0.0652,1501.27576833495
0.06525,1500.14964533091
0.0653,1499.02353217993
0.06535,1497.89742885767
0.0654,1496.77133533976
0.06545,1495.64525160186
0.0655,1494.51917761966
0.06555,1493.39311336886
0.0656,1492.2670588252
0.06565,1491.14101396446
0.0657,1490.01497876246
0.06575,1488.88895319508
0.0658,1487.76293723827
0.06585,1486.63693086804
0.0659,1485.51093406046
0.06595,1484.38494679169
0.066,1483.90933513196
0.06605,1484.04392533144
0.0661,1485.37527002112
0.06615,1487.46619922009
0.0662,1490.11235737995
0.06625,1493.14133859841
0.0663,1496.40767243199
0.06635,1499.78860146338
0.0664,1503.18052560811
0.06645,1506.49600788335
0.0665,1509.66125298278
0.06655,1512.61398399892
0.0666,1515.30165442129
0.06665,1517.6799424655
0.0667,1519.71148314708
0.06675,1521.36480055347
0.0668,1522.61340869541
0.06685,1523.4350543111
0.0669,1523.81107920033
0.06695,1523.72588320609
0.067,1523.16647194214
0.06705,1522.1219734375
0.0671,1521.07748198785
0.06715,1519.95132151387
0.0672,1518.82517124426
0.06725,1517.69903115573
0.0673,1516.57290122484
0.06735,1515.44678142807
0.0674,1514.32067174179
0.06745,1513.19457214229
0.0675,1512.06848260575
0.06755,1510.94240310828
0.0676,1509.81633362593
0.06765,1508.69027413465
0.0677,1507.56422461037
0.06775,1506.43818502893
0.0678,1505.31215536615
0.06785,1504.1861355978
0.0679,1503.06012569962
0.06795,1501.93412564731
0.068,1500.80813541658
0.06805,1499.6821549831
0.0681,1498.55618432256
0.06815,1497.43022341062
0.0682,1496.30427222297
0.06825,1495.17833073532
0.0683,1494.05239892339
0.06835,1492.92647676294
0.0684,1491.80056422976
0.06845,1490.67466129967
0.0685,1489.54876794857
0.06855,1488.4228841524
0.0686,1487.29700988715
0.06865,1486.17114512891
0.0687,1485.04528985383
0.06875,1484.02271387115
0.0688,1483.69035512178
0.06885,1484.5025245802
0.0689,1486.20300602774
0.06895,1488.56730779852
0.069,1491.40605033778
0.06905,1494.55945265524
0.0691,1497.89268937925
0.06915,1501.29198094809
0.0692,1504.66130117794
0.06925,1507.91960472383
0.0693,1510.99849234045
0.06935,1513.84024481105
0.0694,1516.39616732732
0.06945,1518.62519529443
0.0695,1520.49272027596
0.06955,1521.96960131142
0.0696,1523.03133232852
0.06965,1523.65734099449
0.0697,1523.83039824374
0.06975,1523.53612099699
0.0698,1522.76255334777
0.06985,1521.66404639549
0.0699,1520.56554679386
0.06995,1519.43952675518
0.07,1518.31351684237
0.07005,1517.18751703211
0.0701,1516.06152730096
0.07015,1514.93554762539
0.0702,1513.80957798176
0.07025,1512.68361834634
0.0703,1511.55766869531
0.07035,1510.4317290048
0.0704,1509.30579925084
0.07045,1508.17987940941
0.0705,1507.05396945642
0.07055,1505.92806936776
0.0706,1504.80217911923
0.07065,1503.67629868664
0.0707,1502.55042804574
0.07075,1501.42456717227
0.0708,1500.29871604195
0.07085,1499.17287463049
0.0709,1498.0470429136
0.07095,1496.921220867
0.071,1495.79540846641
0.07105,1494.66960568759
0.0711,1493.54381250629
0.07115,1492.41802889833
0.0712,1491.29225483954
0.07125,1490.16649030582
0.0713,1489.0407352731
0.07135,1487.91498971739
0.0714,1486.78925361476
0.07145,1485.66352694135
0.0715,1484.53780967339
0.07155,1483.95212707534
0.0716,1483.9927218345
0.07165,1485.21944902815
0.0717,1487.2316383251
0.07175,1489.82088535706
0.0718,1492.81137130181
0.07185,1496.05474828644
0.0719,1499.42583239919
0.07195,1502.81897679188
0.072,1506.14501748741
0.07205,1509.32870146147
0.0721,1512.30652084488
0.07215,1515.02488911616
0.0722,1517.43860527931
0.07225,1519.50956054788
0.0723,1521.20564923709
0.07235,1522.49985161198
0.0724,1523.36946153199
0.07245,1523.7954360202
0.0725,1523.76184749649
0.07255,1523.25542245498
0.0726,1522.22452719568
0.07265,1521.19363880503
0.0727,1520.06774528922
0.07275,1518.94186184591
0.0728,1517.81598845186
0.07285,1516.69012508375
0.0729,1515.56427171811
0.07295,1514.43842833139
0.073,1513.31259489997
0.07305,1512.18677140009
0.0731,1511.06095780796
0.07315,1509.93515409967
0.0732,1508.80936025128
0.07325,1507.68357623877
0.0733,1506.55780203807
0.07335,1505.43203762506
0.0734,1504.30628297558
0.07345,1503.18053806544
0.0735,1502.05480287042
0.07355,1500.92907736629
0.0736,1499.80336152879
0.07365,1498.67765533367
0.0737,1497.55195875667
0.07375,1496.42627177355
0.0738,1495.30059436006
0.07385,1494.174926492
0.0739,1493.04926814519
0.07395,1491.92361929548
0.074,1490.79797991877
0.07405,1489.67234999099
0.0741,1488.54672948816
0.07415,1487.42111838632
0.0742,1486.29551666163
0.07425,1485.16992429028
0.0743,1484.04434124857
0.07435,1483.88189245222
0.0744,1484.28316071489
0.07445,1485.90972378253
0.0745,1488.22115467823
0.07455,1491.02478613287
0.0746,1494.15806517085
0.07465,1497.48382872819
0.0747,1500.88632526625
0.07475,1504.26786459066
0.0748,1507.54599668186
0.07485,1510.65113600472
0.0749,1513.5245609529
0.07495,1516.11672918983
0.075,1518.38585900097
0.07505,1520.29673464764
0.0751,1521.8197003458
0.07515,1522.92981307817
0.0752,1523.60612915175
0.07525,1523.83110337388
0.0753,1523.59008305529
0.07535,1522.87088185789
0.0754,1521.78628674382
0.07545,1520.70169879481
0.0755,1519.57593826092
0.07555,1518.45018772476
0.0756,1517.32444716309
0.07565,1516.19871655255
0.0757,1515.07299586968
0.07575,1513.94728509092
0.0758,1512.82158419262
0.07585,1511.69589315104
0.0759,1510.57021194236
0.07595,1509.4445405427
0.076,1508.3188789281
0.07605,1507.19322707457
0.0761,1506.06758495803
0.07615,1504.94195255439
0.0762,1503.81632983949
0.07625,1502.69071678918
0.0763,1501.56511337925
0.07635,1500.43951958549
0.0764,1499.31393538368
0.07645,1498.1883607496
0.0765,1497.06279565901
0.07655,1495.93724008772
0.0766,1494.81169401153
0.07665,1493.68615740628
0.0767,1492.56063024782
0.07675,1491.43511251206
0.0768,1490.30960417495
0.07685,1489.18410521249
0.0769,1488.05861560073
0.07695,1486.93313531582
0.077,1485.80766433393
0.07705,1484.68220263135
0.0771,1483.98666112506
0.07715,1483.93344820023
0.0772,1485.05578222646
0.07725,1486.98941623624
0.0773,1489.52190368212
0.07735,1492.47401841553
0.0774,1495.69453984563
0.07745,1499.055861535
0.0775,1502.45029321477
0.07755,1505.78694672962
0.0776,1508.9891137094
0.07765,1511.99205732135
0.0777,1514.74115271612
0.07775,1517.19032110374
0.0778,1519.30071108984
0.07785,1521.03958822291
0.0779,1522.37939986901
0.07795,1523.29698772162
0.078,1523.77292462698
0.07805,1523.79095608658
0.0781,1523.33752989927
0.07815,1522.32023036794
0.0782,1521.30293752426
0.07825,1520.17729669147
0.0783,1519.05166580644
0.07835,1517.92604484604
0.0784,1516.80043378699
0.07845,1515.67483260593
0.0785,1514.54924127938
0.07855,1513.42365978376
0.0786,1512.29808809543
0.07865,1511.17252619063
0.0787,1510.04697404555
0.07875,1508.92143163631
0.0788,1507.79589893896
0.07885,1506.6703759295
0.0789,1505.54486258388
0.07895,1504.41935887801
0.079,1503.29386478776
0.07905,1502.16838028898
0.0791,1501.04290535751
0.07915,1499.91743996914
0.0792,1498.7919840997
0.07925,1497.66653772498
0.0793,1496.54110082081
0.07935,1495.415673363
0.0794,1494.29025532741
0.07945,1493.16484668992
0.0795,1492.03944742643
0.07955,1490.9140575129
0.0796,1489.78867692534
0.07965,1488.66330563979
0.0797,1487.53794363239
0.07975,1486.41259087931
0.0798,1485.28724735682
0.07985,1484.16191304127
0.0799,1483.89570429215
0.07995,1484.20864021526
0.08,1485.73736443428
0.08005,1487.97577649914
0.0801,1490.72732618233
0.08015,1493.82618725901
0.0802,1497.13243685103
0.08025,1500.52799596787
0.0803,1503.91321105391
0.08035,1507.20397532746
0.0804,1510.32930467694
0.08045,1513.22929633671
0.0805,1515.85340989734
0.08055,1518.15901974858
0.0806,1520.11019608941
0.08065,1521.67667840772
0.0807,1522.83301103093
0.08075,1523.55781514863
0.0808,1523.83317574962
0.08085,1523.64412531962
0.0809,1522.9782090119
0.08095,1521.90726840807
0.081,1520.83633479056
0.08105,1519.71081984467
0.0811,1518.58531477536
0.08115,1517.45981955945
0.0812,1516.33433417366
0.08125,1515.20885859461
0.0813,1514.0833927988
0.08135,1512.95793676265
0.0814,1511.83249046251
0.08145,1510.70705387461
0.0815,1509.58162697515
0.08155,1508.45620974025
0.0816,1507.33080214596
0.08165,1506.20540416829
0.0817,1505.0800157832
0.08175,1503.95463696661
0.0818,1502.82926769443
0.08185,1501.7039079425
0.0819,1500.5785576867
0.08195,1499.45321690285
0.082,1498.32788556679
0.08205,1497.20256365437
0.0821,1496.07725114143
0.08215,1494.95194800383
0.0822,1493.82665421748
0.08225,1492.70136975829
0.0823,1491.57609460222
0.08235,1490.45082872528
0.0824,1489.32557210352
0.08245,1488.20032471305
0.0825,1487.07508653006
0.08255,1485.94985753079
0.0826,1484.82463769158
0.08265,1484.01869839924
0.0827,1483.87119258839
0.08275,1484.88855406474
0.0828,1486.74314055959
0.08285,1489.2184499561
0.0829,1492.13183750458
0.08295,1495.32920040298
0.083,1498.68050169485
0.08305,1502.07600096035
0.0831,1505.42308019913
0.08315,1508.64357092379
0.0832,1511.67150332063
0.08325,1514.45121082972
0.0833,1516.9357340189
0.08335,1519.08547648749
0.0834,1520.86707299768
0.08345,1522.2524363157
0.0835,1523.21795453661
0.08355,1523.74381512318
0.0836,1523.81343564189
0.08365,1523.41298433965
0.0837,1522.53097636608
0.08375,1521.40557462276
0.0838,1520.28018017077
0.08385,1519.15478834106
0.0839,1518.0294063181
0.08395,1516.90403407869
0.084,1515.77867159953
0.08405,1514.65331885722
0.0841,1513.52797582826
0.08415,1512.40264248907
0.0842,1511.27731881596
0.08425,1510.15200478519
0.0843,1509.02670037295
0.08435,1507.90140555535
0.0844,1506.77612030845
0.08445,1505.65084460828
0.0845,1504.52557843081
0.08455,1503.40032175197
0.0846,1502.27507454768
0.08465,1501.14983679382
0.0847,1500.02460846628
0.08475,1498.89938954091
0.0848,1497.77417999359
0.08485,1496.64897980018
0.0849,1495.52378893658
0.08495,1494.39860737869
0.085,1493.27343510244
0.08505,1492.1482720838
0.0851,1491.02311829877
0.08515,1489.89797372342
0.0852,1488.77283833386
0.08525,1487.64771210625
0.0853,1486.52259501684
0.08535,1485.39748704193
0.0854,1484.27238815794
0.08545,1483.90247097714
0.0855,1484.12711852161
0.08555,1485.55805631964
0.0856,1487.7234895289
0.08565,1490.42298730051
0.0857,1493.48745212981
0.08575,1496.77420298423
0.0858,1500.16283482019
0.08585,1503.55173189975
0.0859,1506.85513167274
0.08595,1510.0006522886
0.086,1512.92721052821
0.08605,1515.5832685041
0.0861,1517.92535721148
0.08615,1519.91683320923
0.0862,1521.52683161275
0.08625,1522.72938439351
0.0863,1523.50267787549
0.08635,1523.82842744065
0.0864,1523.69135092744
0.08645,1523.07872512949
0.0865,1522.02143078663
0.08655,1520.96414325624
0.0866,1519.83886075918
0.08665,1518.71358802411
0.0867,1517.58832502796
0.08675,1516.46307174749
0.0868,1515.33782815941
0.08685,1514.21259424027
0.0869,1513.08736996658
0.08695,1511.96215531474
0.087,1510.83695026107
0.08705,1509.71175478181
0.0871,1508.58656885316
0.08715,1507.46139245122
0.0872,1506.33622555209
0.08725,1505.21106813177
0.0873,1504.08592016626
0.08735,1502.9607816315
0.0874,1501.83565250344
0.08745,1500.71053275797
0.0875,1499.585422371
0.08755,1498.46032131843
0.0876,1497.33522957614
0.08765,1496.21014712005
0.0877,1495.08507392608
0.08775,1493.96000997017
0.0878,1492.83495522831
0.08785,1491.7099096765
0.0879,1490.5848732908
0.08795,1489.45984604732
0.088,1488.33482792223
0.08805,1487.20981889175
0.0881,1486.08481893218
0.08815,1484.9598280199
0.0882,1484.04356276807
0.08825,1483.80182612633
0.0883,1484.71428882199
0.08835,1486.48988554885
0.0884,1488.90806151963
0.08845,1491.78275582631
0.0885,1494.95698551411
0.08855,1498.2982848423
0.0886,1501.69486470201
0.08865,1505.05237847993
0.0887,1508.29119860978
0.08875,1511.34412317198
0.0888,1514.15444463349
0.08885,1516.67432354136
0.0889,1518.86341901216
0.08895,1520.68773546276
0.089,1522.11865143093
0.08905,1523.13210172585
0.0891,1523.70788868971
0.08915,1523.82910217496
0.0892,1523.48163106209
0.08925,1522.65375185438
0.0893,1521.54218173371
0.08935,1520.43061873173
0.0894,1519.30545282387
0.08945,1518.18029661147
0.0895,1517.05515007139
0.08955,1515.93001318042
0.0896,1514.80488591522
0.08965,1513.67976825234
0.0897,1512.55466016828
0.08975,1511.42956163942
0.0898,1510.30447264208
0.08985,1509.17939315251
0.0899,1508.05432314688
0.08995,1506.92926260134
0.09,1505.80421149196
0.09005,1504.67916979476
0.0901,1503.55413748576
0.09015,1502.42911454091
0.0902,1501.30410093618
0.09025,1500.17909664748
0.0903,1499.05410165075
0.09035,1497.9291159219
0.0904,1496.80413943688
0.09045,1495.67917217161
0.0905,1494.55421410205
0.09055,1493.42926520421
0.0906,1492.30432545408
0.09065,1491.17939482774
0.0907,1490.05447330129
0.09075,1488.92956085089
0.0908,1487.80465745275
0.09085,1486.67976308318
0.0909,1485.55487771853
0.09095,1484.43000133524
0.091,1483.95017751307
0.09105,1484.0809798118
0.0911,1485.40749627535
0.09115,1487.49435903727
0.0912,1490.13709227532
0.09125,1493.16318880262
0.0913,1496.42709288234
0.09135,1499.80597527019
0.0914,1503.19617539506
0.09145,1506.51020533732
0.0915,1509.67422689595
0.09155,1512.62592704113
0.0916,1515.31272884318
0.09165,1517.69028490121
0.0917,1519.72120865867
0.09175,1521.37400603679
0.0918,1522.62217574826
0.09185,1523.44345164853
0.0919,1523.81916468866
0.09195,1523.73370557571
0.092,1523.1740722299
0.09205,1522.13034700332
0.0921,1521.08662842047
0.09215,1519.96156593276
0.0922,1518.83651309872
0.09225,1517.71146989532
0.0923,1516.58643629942
0.09235,1515.46141228777
0.0924,1514.33639783701
0.09245,1513.21139292369
0.0925,1512.08639752429
0.09255,1510.96141161519
0.0926,1509.8364351727
0.09265,1508.71146817306
0.0927,1507.58651059247
0.09275,1506.46156240706
0.0928,1505.3366235929
0.09285,1504.21169412604
0.0929,1503.08677398251
0.09295,1501.96186313827
0.093,1500.8369615693
0.09305,1499.71206925157
0.0931,1498.587186161
0.09315,1497.46231227356
0.0932,1496.33744756522
0.09325,1495.21259201193
0.0933,1494.08774558971
0.09335,1492.96290827457
0.0934,1491.83808004259
0.09345,1490.71326086986
0.0935,1489.58845073255
0.09355,1488.46364960688
0.0936,1487.3388574691
0.09365,1486.21407429558
0.0937,1485.08930006274
0.09375,1484.06260639133
0.0938,1483.72654475291
0.09385,1484.53399568871
0.0939,1486.23050308699
0.09395,1488.59145774175
0.094,1491.42738111576
0.09405,1494.578408864
0.0941,1497.90964542041
0.09415,1501.3072521114
0.0942,1504.6751529741
0.09425,1507.93226074378
0.0943,1511.01014087381
0.09435,1513.85104441963
0.0944,1516.40625153864
0.09445,1518.63467655427
0.0945,1520.50169327677
0.09455,1521.97814579532
0.0946,1523.0395154477
0.09465,1523.66521929899
0.0947,1523.83801935532
0.09475,1523.54352501876
0.0948,1522.76977405132
0.09485,1521.67202670309
0.0949,1520.57428630547
0.09495,1519.44933422951
0.095,1518.32439174378
0.09505,1517.19945882522
0.0951,1516.07453545067
0.09515,1514.94962159685
0.0952,1513.8247172404
0.09525,1512.69982235785
0.0953,1511.57493692567
0.09535,1510.45006092023
0.0954,1509.32519431784
0.09545,1508.20033709475
0.0955,1507.07548922714
0.09555,1505.95065069115
0.0956,1504.82582146287
0.09565,1503.70100151835
0.0957,1502.57619083364
0.09575,1501.45138938472
0.0958,1500.32659714759
0.09585,1499.20181409822
0.0959,1498.07704021259
0.09595,1496.95227546669
0.096,1495.8275198365
0.09605,1494.70277329803
0.0961,1493.57803582733
0.09615,1492.45330740047
0.0962,1491.32858799354
0.09625,1490.2038775827
0.0963,1489.07917614417
0.09635,1487.95448365421
0.0964,1486.82980008915
0.09645,1485.7051254254
0.0965,1484.58045963944
0.09655,1483.99079004811
0.0966,1484.02779940029
0.09665,1485.24995648723
0.0967,1487.2582967495
0.09675,1489.84430197361
0.0968,1492.83205746637
0.09685,1496.07313462031
0.0969,1499.44228153577
0.09695,1502.83379411076
0.097,1506.15846015384
0.09705,1509.34098603857
0.0971,1512.31782970404
0.09715,1515.03537583532
0.0972,1517.44839918897
0.09725,1519.5187705594
0.0973,1521.21436706645
0.09735,1522.50815449471
0.0974,1523.37741450936
0.09745,1523.80309386449
0.0975,1523.7692563323
0.09755,1523.26262112452
0.0976,1522.23245780297
0.09765,1521.20230096081
0.0977,1520.07744671759
0.09775,1518.9526020256
0.0978,1517.82776686189
0.09785,1516.70294120337
0.0979,1515.57812502686
0.09795,1514.45331830906
0.098,1513.3285210266
0.09805,1512.203733156
0.0981,1511.07895467372
0.09815,1509.95418555611
0.0982,1508.82942577949
0.09825,1507.70467532011
0.0983,1506.57993415414
0.09835,1505.45520225774
0.0984,1504.330479607
0.09845,1503.205766178
0.0985,1502.08106194676
0.09855,1500.95636688933
0.0986,1499.8316809817
0.09865,1498.70700419987
0.0987,1497.58233651985
0.09875,1496.45767791766
0.0988,1495.33302836931
0.09885,1494.20838785086
0.0989,1493.08375633837
0.09895,1491.95913380797
0.099,1490.8345202358
0.09905,1489.70991559807
0.0991,1488.58531987104
0.09915,1487.46073303102
0.0992,1486.33615505441
0.09925,1485.21158591768
0.0993,1484.08702559737
0.09935,1483.92056031541
0.0994,1484.31821707529
0.09945,1485.94018678223
0.0995,1488.24774906361
0.09955,1491.04812222488
0.0996,1494.17865693093
0.09965,1497.50210897177
0.0997,1500.90265847441
0.09975,1504.28255769898
0.0998,1507.55930816591
0.09985,1510.66328353108
0.0999,1513.53572782223
0.09995,1516.12706976269
0.1,1518.39550326696
0.10005,1520.3057920732
0.1001,1521.82826311446
0.10015,1522.93795881924
0.1002,1523.61392323821
0.10025,1523.83860085743
0.1003,1523.59733029591
0.10035,1522.87791789615
0.1004,1521.79403315312
0.10045,1520.71015519656
0.1005,1519.58540551615
0.10055,1518.46066532647
0.1006,1517.33593460452
0.10065,1516.21121332722
0.1007,1515.08650147135
0.10075,1513.96179901359
0.1008,1512.83710593057
0.10085,1511.71242219878
0.1009,1510.58774779468
0.10095,1509.46308269462
0.101,1508.33842687491
0.10105,1507.2137803118
0.1011,1506.08914298147
0.10115,1504.96451486007
0.1012,1503.83989592372
0.10125,1502.71528614849
0.1013,1501.59068551045
0.10135,1500.46609398562
0.1014,1499.34151155005
0.10145,1498.21693817976
0.1015,1497.09237385078
0.10155,1495.96781853915
0.1016,1494.84327222093
0.10165,1493.71873487221
0.1017,1492.5942064691
0.10175,1491.46968698775
0.1018,1490.34517640437
0.10185,1489.2206746952
0.1019,1488.09618183656
0.10195,1486.97169780483
0.102,1485.84722257644
0.10205,1484.72275612794
0.1021,1484.02341883834
0.10215,1483.96679252986
0.1022,1485.08477731376
0.10225,1487.01474831547
0.1023,1489.54415064227
0.10235,1492.49366690633
0.1024,1495.71199968279
0.10245,1499.07147783109
0.1025,1502.46435659482
0.10255,1505.79970193386
0.1026,1509.00076683769
0.10265,1512.00278193395
0.1027,1514.75109497113
0.10275,1517.19960408349
0.1028,1519.30943844417
0.10285,1521.04784723726
0.1029,1522.38726404809
0.10295,1523.30451896518
0.103,1523.78017506203
0.10305,1523.79796961035
0.1031,1523.34434347856
0.10315,1522.32773651441
0.1032,1521.31113586946
0.10325,1520.1864787354
0.1033,1519.06183105573
0.10335,1517.93719280754
0.1034,1516.81256396783
0.10345,1515.68794451345
0.1035,1514.5633344212
0.10355,1513.43873366773
0.1036,1512.31414222964
0.10365,1511.18956008344
0.1037,1510.06498720556
0.10375,1508.94042357235
0.1038,1507.81586916012
0.10385,1506.6913239451
0.1039,1505.56678790351
0.10395,1504.44226101149
0.104,1503.31774324517
0.10405,1502.19323458063
0.1041,1501.06873499395
0.10415,1499.9442444612
0.1042,1498.81976295841
0.10425,1497.69529046166
0.1043,1496.57082694698
0.10435,1495.44637239046
0.1044,1494.32192676819
0.10445,1493.1974900563
0.1045,1492.07306223093
0.10455,1490.94864326829
0.1046,1489.82423314462
0.10465,1488.69983183623
0.1047,1487.57543931947
0.10475,1486.45105557079
0.1048,1485.32668056668
0.10485,1484.20231428374
0.1049,1483.93230301061
0.10495,1484.24181981094
0.105,1485.7661953919
0.10505,1488.00094493131
0.1051,1490.74940987573
0.10515,1493.84567277733
0.1052,1497.14973393768
0.10525,1500.5434496747
0.1053,1503.92711195501
0.10535,1507.21656812034
0.1054,1510.34079542572
0.10545,1513.23985857175
0.1055,1515.86318975183
0.10555,1518.16814028411
0.1056,1520.11876093862
0.10565,1521.68477484186
0.1057,1522.84071254306
0.10575,1523.56518362898
0.1058,1523.84026331751
0.10585,1523.65097586616
0.1059,1522.98485949906
0.10595,1521.91459124346
0.106,1520.84432961581
0.10605,1519.71977146929
0.1061,1518.59522271945
0.10615,1517.47068334336
0.1062,1516.34615331799
0.10625,1515.22163262018
0.1063,1514.09712122668
0.10635,1512.97261911416
0.1064,1511.84812625919
0.10645,1510.72364263827
0.1065,1509.59916822781
0.10655,1508.47470300418
0.1066,1507.35024694367
0.10665,1506.22580002253
0.1067,1505.10136221696
0.10675,1503.97693350312
0.1068,1502.85251385715
0.10685,1501.72810325515
0.1069,1500.60370167321
0.10695,1499.47930908742
0.107,1498.35492547383
0.10705,1497.23055080855
0.1071,1496.10618506764
0.10715,1494.98182822722
0.1072,1493.85748026342
0.10725,1492.73314115239
0.1073,1491.60881087034
0.10735,1490.4844893935
0.1074,1489.36017669817
0.10745,1488.2358727607
0.1075,1487.11157755751
0.10755,1485.98729106508
0.1076,1484.86301325999
0.10765,1484.05348230501
0.1077,1483.90274665228
0.10775,1484.91599264993
0.1078,1486.76711299351
0.10785,1489.23950304799
0.1079,1492.15043173149
0.10795,1495.34572354027
0.108,1498.69528029461
0.10805,1502.08931001762
0.1081,1505.43515129192
0.10815,1508.65459906793
0.1082,1511.68165274238
0.10825,1514.46061982695
0.1083,1516.94451905478
0.10835,1519.09373563783
0.1084,1520.87488885404
0.10845,1522.25987843007
0.1085,1523.22508148018
0.10855,1523.75067622002
0.1086,1523.82007242895
0.10865,1523.4194317962
0.1087,1522.41636819347
0.10875,1521.41331075373
0.1088,1520.28884019103
0.10885,1519.16437899114
0.1089,1518.03992713124
0.10895,1516.91548458836
0.109,1515.79105133944
0.10905,1514.6666273613
0.1091,1513.54221263068
0.10915,1512.41780712423
0.1092,1511.2934108185
0.10925,1510.16902368998
0.1093,1509.0446457151
0.10935,1507.92027687019
0.1094,1506.79591713156
0.10945,1505.67156647545
0.1095,1504.54722487808
0.10955,1503.42289231562
0.1096,1502.2985687642
0.10965,1501.17425419995
0.1097,1500.04994859897
0.10975,1498.92565193738
0.1098,1497.80136419125
0.10985,1496.67708533671
0.1099,1495.55281534986
0.10995,1494.42855420685
0.11,1493.30430188384
0.11005,1492.18005835703
0.1101,1491.05582360266
0.11015,1489.93159759701
0.1102,1488.80738031643
0.11025,1487.68317173732
0.1103,1486.55897183615
0.11035,1485.43478058946
0.1104,1484.31059797389
0.11045,1483.93708579809
0.1105,1484.15850081406
0.11055,1485.58532700726
0.1106,1487.74729733164
0.11065,1490.4438785163
0.1107,1493.50588680532
0.11075,1496.79056853252
0.1108,1500.17745748834
0.11085,1503.564886426
0.1109,1506.86704941886
0.11095,1510.01152808833
0.111,1512.93720845445
0.11105,1515.59252672552
0.1111,1517.93399208242
0.11115,1519.92494271378
0.1112,1521.53449826513
0.11125,1522.73667768053
0.1113,1523.50965631334
0.11135,1523.83514030701
0.1114,1523.6978397201
0.11145,1523.08502479463
0.1115,1522.02836690092
0.11155,1520.97171548048
0.1116,1519.84733861904
0.11165,1518.72297106538
0.1117,1517.59861279662
0.11175,1516.47426378978
0.1118,1515.34992402177
0.11185,1514.22559346939
0.1119,1513.10127210937
0.11195,1511.97695991833
0.112,1510.85265687282
0.11205,1509.72836294932
0.1121,1508.60407812424
0.11215,1507.47980237392
0.1122,1506.35553567467
0.11225,1505.23127800274
0.1123,1504.10702933433
0.11235,1502.98278964563
0.1124,1501.8585589128
0.11245,1500.73433711197
0.1125,1499.61012421926
0.11255,1498.4859202108
0.1126,1497.36172506271
0.11265,1496.23753875112
0.1127,1495.11336125218
0.11275,1493.98919254206
0.1128,1492.86503259696
0.11285,1491.74088139313
0.1129,1490.61673890683
0.11295,1489.49260511442
0.113,1488.36847999226
0.11305,1487.24436351683
0.1131,1486.12025566464
0.11315,1484.9961564123
0.1132,1484.07649110216
0.11325,1483.83169693006
0.1133,1484.74026375272
0.11335,1486.51257930197
0.1134,1488.92799174062
0.11345,1491.80035843329
0.1135,1494.9726276012
0.11355,1498.31227554579
0.1136,1501.70746435094
0.11365,1505.06380630192
0.1137,1508.30163922027
0.11375,1511.3537320389
0.1138,1514.16335267918
0.11385,1516.68264101788
0.1139,1518.8712387648
0.11395,1520.69513567827
0.114,1522.12569795186
0.11405,1523.13884999948
0.1141,1523.71438540929
0.11415,1523.83538666183
0.1142,1523.48773642957
0.11425,1522.65970598791
0.1143,1521.54876239613
0.11435,1520.43782559308
0.1144,1519.31354055717
0.11445,1518.1892647749
0.1145,1517.06499822337
0.11455,1515.94074087959
0.1146,1514.81649272042
0.11465,1513.69225372266
0.1147,1512.56802386301
0.11475,1511.44380311809
0.1148,1510.31959146442
0.11485,1509.19538887848
0.1149,1508.07119533668
0.11495,1506.94701081535
0.115,1505.82283529081
0.11505,1504.69866873929
0.1151,1503.57451113703
0.11515,1502.45036246022
0.1152,1501.32622268501
0.11525,1500.20209178757
0.1153,1499.07796974404
0.11535,1497.95385653055
0.1154,1496.82975212327
0.11545,1495.70565649834
0.1155,1494.58156963195
0.11555,1493.45749150031
0.1156,1492.33342207965
0.11565,1491.20936134625
0.1157,1490.08530927643
0.11575,1488.96126584659
0.1158,1487.83723103314
0.11585,1486.71320481262
0.1159,1485.58918716158
0.11595,1484.4651780567
0.116,1483.98206612427
0.11605,1484.10991150422
0.1161,1485.43265892823
0.11615,1487.51634733097
0.1162,1490.15640699971
0.11625,1493.18025168086
0.1163,1496.44225905424
0.11635,1499.81954380461
0.1164,1503.20839814261
0.11645,1506.52129438534
0.1165,1509.6843608465
0.11655,1512.63525629776
0.1166,1515.32138006301
0.11665,1517.69836474409
0.1167,1519.72880694445
0.11675,1521.38119840408
0.1168,1522.62902589339
0.11685,1523.45001321107
0.1169,1523.82548283919
0.11695,1523.73981835295
0.117,1523.18001166673
0.11705,1522.13689015498
0.1171,1521.09377496588
0.11715,1519.96956968603
0.1172,1518.84537362991
0.11725,1517.7211867747
0.1173,1516.59700909749
0.11735,1515.47284057522
0.1174,1514.34868118477
0.11745,1513.22453090291
0.1175,1512.10038970631
0.11755,1510.97625757158
0.1176,1509.85213447524
0.11765,1508.72802039375
0.1177,1507.60391530352
0.11775,1506.47981918089
0.1178,1505.35573200216
0.11785,1504.23165374358
0.1179,1503.10758438139
0.11795,1501.98352389179
0.118,1500.85947225095
0.11805,1499.73542943506
0.1181,1498.61139542026
0.11815,1497.48737018272
0.1182,1496.36335369863
0.11825,1495.23934594417
0.1183,1494.11534689554
0.11835,1492.991356529
0.1184,1491.86737482081
0.11845,1490.74340174731
0.1185,1489.61943728484
0.11855,1488.49548140986
0.1186,1487.37153409883
0.11865,1486.24759532833
0.1187,1485.12366507498
0.11875,1484.09375592859
0.1188,1483.75480274407
0.11885,1484.55856910955
0.1189,1486.25197330051
0.11895,1488.61031432269
0.119,1491.4440363425
0.11905,1494.5932099225
0.1191,1497.9228846813
0.11915,1501.31917578446
0.1192,1504.68596839636
0.11925,1507.94214251691
0.1193,1511.01923603254
0.11935,1513.85947678415
0.1194,1516.41412537982
0.11945,1518.64207968014
0.1195,1520.50869963182
0.11955,1521.9848176493
0.1196,1523.04590523889
0.11965,1523.67137118642
0.1197,1523.84397052594
0.11975,1523.54930678825
0.1198,1522.77541279101
0.11985,1521.67825849533
0.1199,1520.58111083792
0.11995,1519.4569925302
0.12,1518.33288339451
0.12005,1517.20878340803
0.1201,1516.08469254778
0.12015,1514.96061079072
0.1202,1513.83653811367
0.12025,1512.7124744934
0.1203,1511.58841990656
0.12035,1510.46437432975
0.1204,1509.34033773949
0.12045,1508.21631011221
0.1205,1507.09229142433
0.12055,1505.96828165218
0.1206,1504.84428077208
0.12065,1503.72028876027
0.1207,1502.59630559301
0.12075,1501.47233124649
0.1208,1500.34836569692
0.12085,1499.22440892048
0.1209,1498.10046089336
0.12095,1496.97652159174
0.121,1495.85259099183
0.12105,1494.72866906984
0.1211,1493.60475580202
0.12115,1492.48085116465
0.1212,1491.35695513404
0.12125,1490.23306768655
0.1213,1489.1091887986
0.12135,1487.98531844666
0.1214,1486.86145660727
0.12145,1485.73760325705
0.1215,1484.61375837269
0.12155,1484.02097534941
0.1216,1484.05518485726
0.12165,1485.27377318168
0.1217,1487.27910773483
0.12175,1489.86258140581
0.1218,1492.84820463959
0.12185,1496.08748578642
0.1219,1499.45511985781
0.12195,1502.84535804489
0.122,1506.16895050787
0.12205,1509.3505719161
0.1221,1512.32665351006
0.12215,1515.04355749158
0.1222,1517.45603968371
0.12225,1519.52595493668
0.1223,1521.22116694354
0.12235,1522.51463018194
0.1224,1523.38361679536
0.12245,1523.80906551952
0.1225,1523.77503337424
0.12255,1523.26823388498
0.1226,1522.23864194409
0.12265,1521.20905617869
0.1227,1520.0850133051
0.12275,1518.9609795758
0.1228,1517.83695496802
0.12285,1516.7129394589
0.1229,1515.58893302545
0.12295,1514.46493564458
0.123,1513.34094729311
0.12305,1512.21696794778
0.1231,1511.09299758524
0.12315,1509.96903618207
0.1232,1508.84508371476
0.12325,1507.72114015977
0.1233,1506.59720549349
0.12335,1505.47327969227
0.1234,1504.34936273241
0.12345,1503.22545459018
0.1235,1502.10155524182
0.12355,1500.97766466357
0.1236,1499.85378283162
0.12365,1498.72990972219
0.1237,1497.60604531148
0.12375,1496.4821895757
0.1238,1495.35834249109
0.12385,1494.23450403388
0.1239,1493.11067418037
0.12395,1491.98685290686
0.124,1490.8630401897
0.12405,1489.73923600531
0.1241,1488.61544033013
0.12415,1487.4916531407
0.1242,1486.36787441361
0.12425,1485.24410412552
0.1243,1484.12034225319
0.12435,1483.95074133762
0.1244,1484.34557862804
0.12445,1485.9639623288
0.1245,1488.26850440417
0.12455,1491.06633382906
0.1246,1494.19472604169
0.12465,1497.51637348255
0.1247,1500.91540293098
0.12475,1504.29402172224
0.1248,1507.56969354479
0.12485,1510.67276019563
0.1249,1513.54443887363
0.12495,1516.13513570913
0.125,1518.4030255907
0.12505,1520.31285623446
0.1251,1521.83494108107
0.12515,1522.94431119688
0.1252,1523.62000106429
0.12525,1523.84444711179
0.1253,1523.602981173
0.12535,1522.8834038763
0.1254,1521.80007372428
0.12545,1520.71675006313
0.1255,1519.5927895653
0.12555,1518.46883816237
0.1256,1517.34489583156
0.12565,1516.22096254996
0.1257,1515.09703829457
0.12575,1513.97312304227
0.1258,1512.84921676987
0.12585,1511.72531945408
0.1259,1510.60143107153
0.12595,1509.4775515988
0.126,1508.35368101237
0.12605,1507.2298192887
0.1261,1506.10596640417
0.12615,1504.98212233513
0.1262,1503.85828705788
0.12625,1502.73446054871
0.1263,1501.61064278387
0.12635,1500.48683373959
0.1264,1499.3630333921
0.12645,1498.23924171763
0.1265,1497.1154586924
0.12655,1495.99168429265
0.1266,1494.86791849465
0.12665,1493.74416127466
0.1267,1492.620412609
0.12675,1491.49667247402
0.1268,1490.37294084611
0.12685,1489.24921770174
0.1269,1488.12550301739
0.12695,1487.00179676964
0.127,1485.87809893514
0.12705,1484.75440949062
0.1271,1484.05210979993
0.12715,1483.99281952049
0.1272,1485.10740985822
0.12725,1487.0345219807
0.1273,1489.56151643808
0.12735,1492.50900463556
0.1274,1495.72562918378
0.12745,1499.08366844507
0.1275,1502.47533513861
0.12755,1505.80965941376
0.1276,1509.00986410341
0.12765,1512.01115443984
0.1277,1514.75885678569
0.12775,1517.20685126586
0.1278,1519.3162518875
0.12785,1521.05429506322
0.1279,1522.39340362322
0.12795,1523.310398599
0.128,1523.785835437
0.12805,1523.80344498602
0.1281,1523.3496627057
0.12815,1522.33359642144
0.1282,1521.31753616873
0.12825,1520.19364701724
0.1283,1519.06976693495
0.12835,1517.94589589916
0.1284,1516.82203388703
0.12845,1515.69818087563
0.1285,1514.57433684193
0.12855,1513.4505017628
0.1286,1512.32667561502
0.12865,1511.20285837529
0.1287,1510.07905002023
0.12875,1508.95525052639
0.1288,1507.83145987027
0.12885,1506.7076780283
0.1289,1505.58390497687
0.12895,1504.46014069233
0.129,1503.33638515099
0.12905,1502.21263832914
0.1291,1501.08890020304
0.12915,1499.96517074895
0.1292,1498.8414499431
0.12925,1497.71773776174
0.1293,1496.59403418112
0.12935,1495.4703391775
0.1294,1494.34665272718
0.12945,1493.22297480646
0.1295,1492.09930539169
0.12955,1490.97564445925
0.1296,1489.8519919856
0.12965,1488.72834794721
0.1297,1487.60471232064
0.12975,1486.48108508252
0.1298,1485.35746620954
0.12985,1484.23385567848
0.1299,1483.96087653554
0.12995,1484.26772472827
0.13,1485.78870619598
0.13005,1488.02059717362
0.1301,1490.76665455305
0.13015,1493.86088968153
0.1302,1497.16324289775
0.13025,1500.55552002389
0.1303,1503.93797050325
0.13035,1507.22640586798
0.1304,1510.34977321724
0.13045,1513.24811185688
0.1305,1515.87083259492
0.13055,1518.17526874054
0.1306,1520.12545589813
0.13065,1521.69110442288
0.1307,1522.84673410915
0.13075,1523.5709454868
0.1308,1523.84580614676
0.13085,1523.65633392373
0.1309,1522.9900616331
0.13095,1521.920318351
0.131,1520.85058141707
0.13105,1519.72677025247
0.1311,1518.60296810989
0.13115,1517.4791749666
0.1312,1516.35539079975
0.13125,1515.23161558636
0.1313,1514.10784930339
0.13135,1512.98409192768
0.1314,1511.86034343598
0.13145,1510.73660380499
0.1315,1509.61287301132
0.13155,1508.4891510315
0.1316,1507.36543784202
0.13165,1506.24173341932
0.1317,1505.11803773978
0.13175,1503.99435077976
0.1318,1502.87067251557
0.13185,1501.7470029235
0.1319,1500.62334197983
0.13195,1499.49968966084
0.132,1498.37604594277
0.13205,1497.25241080189
0.1321,1496.12878421448
0.13215,1495.00516615682
0.1322,1493.88155660524
0.13225,1492.75795553608
0.1323,1491.63436292572
0.13235,1490.51077875059
0.1324,1489.38720298717
0.13245,1488.26363561199
0.1325,1487.14007660166
0.13255,1486.01652593285
0.1326,1484.89298358231
0.13265,1484.08064881182
0.1327,1483.92739181116
0.13275,1484.93742510252
0.1328,1486.78583965909
0.13285,1489.25595081115
0.1329,1492.16496007824
0.13295,1495.35863519917
0.133,1498.70683019787
0.13305,1502.09971284731
0.1331,1505.44458783482
0.13315,1508.66322156704
0.1332,1511.6895894035
0.13325,1514.46797861377
0.1333,1516.95139088475
0.13335,1519.1001970735
0.1334,1520.88100436943
0.13345,1522.26570231927
0.1335,1523.23065946459
0.13355,1523.75604680182
0.1336,1523.82526803089
0.13365,1523.42447972146
0.1337,1522.42192791625
0.13375,1521.41938200177
0.1338,1520.29563835461
0.13385,1519.17190370567
0.1339,1518.04817803231
0.13395,1516.92446131175
0.134,1515.8007535211
0.13405,1514.67705463738
0.1341,1513.5533646375
0.13415,1512.42968349829
0.1342,1511.30601119649
0.13425,1510.18234770877
0.1343,1509.05869301173
0.13435,1507.93504708191
0.1344,1506.81140989578
0.13445,1505.68778142977
0.1345,1504.56416166028
0.13455,1503.44055056365
0.1346,1502.31694811621
0.13465,1501.19335429427
0.1347,1500.0697690741
0.13475,1498.946192432
0.1348,1497.82262434424
0.13485,1496.69906478711
0.1349,1495.57551373691
0.13495,1494.45197116995
0.135,1493.32843706258
0.13505,1492.20491139119
0.1351,1491.08139413218
0.13515,1489.95788526204
0.1352,1488.83438475728
0.13525,1487.71089259448
0.1353,1486.58740875029
0.13535,1485.46393320145
0.1354,1484.34046592475
0.13545,1483.96414378262
0.1355,1484.18303216734
0.13555,1485.6066448655
0.1356,1487.76590873006
0.13565,1490.46021043671
0.1357,1493.5202988153
0.13575,1496.80336342908
0.1358,1500.18889026115
0.13585,1503.5751718054
0.1359,1506.87636823219
0.13595,1510.02003261273
0.136,1512.94502692444
0.13605,1515.599767129
0.1361,1517.94074535728
0.13615,1519.93128543985
0.1362,1521.54049493109
0.13625,1522.74238259293
0.1363,1523.51511520418
0.13635,1523.84039168755
0.1364,1523.7029160209
0.13645,1523.08995332562
0.1365,1522.03379228752
0.13655,1520.97763745787
0.1366,1519.85396763437
0.13665,1518.73030676401
0.1367,1517.60665482413
0.13675,1516.48301179189
0.1368,1515.35937764439
0.13685,1514.23575235863
0.1369,1513.11213591148
0.13695,1511.98852827976
0.137,1510.86492944019
0.13705,1509.74133936944
0.1371,1508.61775804407
0.13715,1507.49418544062
0.1372,1506.37062153557
0.13725,1505.24706630535
0.1373,1504.12351972634
0.13735,1502.99998177489
0.1374,1501.87645242735
0.13745,1500.75293166002
0.1375,1499.62941944921
0.13755,1498.50591577121
0.1376,1497.38242060233
0.13765,1496.25893391886
0.1377,1495.13545569714
0.13775,1494.01198591351
0.1378,1492.88852454435
0.13785,1491.76507156608
0.1379,1490.64162695514
0.13795,1489.51819068806
0.138,1488.39476274139
0.13805,1487.27134309177
0.1381,1486.14793171589
0.13815,1485.02452859053
0.1382,1484.10220772197
0.13825,1483.85502551103
0.1383,1484.76054958272
0.13835,1486.53030244847
0.1384,1488.94355647548
0.13845,1491.81410519983
0.1385,1494.98484309182
0.13855,1498.32320118844
0.1386,1501.71730345575
0.13865,1505.07273007947
0.1387,1508.30979184964
0.13875,1511.36123493556
0.1388,1514.17030808905
0.13885,1516.68913504393
0.1389,1518.8773439158
0.13895,1520.70091301511
0.139,1522.13119889503
0.13905,1523.14411785116
0.1391,1523.7194566351
0.13915,1523.84029197025
0.1392,1523.49250168091
0.13925,1522.66435295978
0.1393,1521.55389845323
0.13935,1520.44345047779
0.1394,1519.31985314666
0.13945,1518.19626472424
0.1395,1517.07268518782
0.13955,1515.94911451456
0.1396,1514.82555268151
0.13965,1513.70199966564
0.1397,1512.57845544382
0.13975,1511.45491999283
0.1398,1510.33139328939
0.13985,1509.20787531013
0.1399,1508.08436603164
0.13995,1506.96086543043
0.14,1505.83737348297
0.14005,1504.71389016569
0.1401,1503.59041545498
0.14015,1502.4669493272
0.1402,1501.3434917587
0.14025,1500.22004272579
0.1403,1499.0966022048
0.14035,1497.97317017203
0.1404,1496.84974660381
0.14045,1495.72633147646
0.1405,1494.60292476635
0.14055,1493.47952644984
0.1406,1492.35613650334
0.14065,1491.23275490331
0.1407,1490.10938162624
0.14075,1488.98601664868
0.1408,1487.86265994725
0.14085,1486.73931149861
0.1409,1485.61597127952
0.14095,1484.49263926682
0.141,1484.00695897801
0.14105,1484.13249469181
0.1411,1485.45229817734
0.14115,1487.53350711962
0.1412,1490.17147847247
0.14125,1493.19356422714
0.1413,1496.45409005844
0.14135,1499.83012685699
0.1414,1503.21792995368
0.14145,1506.52994060866
0.1415,1509.69226098208
0.14155,1512.64252782132
0.1416,1515.32812190328
0.14165,1517.70466021114
0.1417,1519.7347261956
0.14175,1521.38680052053
0.1418,1522.634360629
0.14185,1523.455122465
0.1419,1523.83040189603
0.14195,1523.74457692707
0.142,1523.18463478175
0.14205,1522.14198456487
0.1421,1521.09934041998
0.14215,1519.97580437022
0.1422,1518.85227720853
0.14225,1517.72875891227
0.1423,1516.60524945867
0.14235,1515.48174882487
0.1424,1514.3582569879
0.14245,1513.2347739247
0.1425,1512.11129961211
0.14255,1510.98783402691
0.1426,1509.86437714579
0.14265,1508.74092894538
0.1427,1507.61748940225
0.14275,1506.4940584929
0.1428,1505.3706361938
0.14285,1504.24722248139
0.1429,1503.12381733206
0.14295,1502.00042072217
0.143,1500.87703262807
0.14305,1499.7536530261
0.1431,1498.63028189259
0.14315,1497.50691920388
0.1432,1496.38356493629
0.14325,1495.26021906619
0.1433,1494.13688156996
0.14335,1493.013552424
0.1434,1491.89023160476
0.14345,1490.76691908872
0.1435,1489.64361485242
0.14355,1488.52031887245
0.1436,1487.39703112546
0.14365,1486.27375158819
0.1437,1485.15048023743
0.14375,1484.11806142267
0.1438,1483.776851388
0.14385,1484.5777418916
0.1439,1486.26872397383
0.14395,1488.62502500039
0.144,1491.45702880854
0.14405,1494.60475515666
0.1441,1497.9332108804
0.14415,1501.32847511707
0.1442,1504.69440269115
0.14425,1507.9498480528
0.1443,1511.0263275726
0.14435,1513.86605097264
0.1444,1516.42026360284
0.14445,1518.64785047468
0.1445,1520.5141607144
0.14455,1521.99001762436
0.1446,1523.05088503746
0.14465,1523.6761652776
0.1447,1523.84860793716
0.14475,1523.55381196441
0.1448,1522.77980631801
0.14485,1521.68311502752
0.1449,1520.58643013146
0.14495,1519.46296275426
0.145,1518.33950422261
0.14505,1517.21605451385
0.1451,1516.09261360518
0.14515,1514.96918147369
0.1452,1513.8457580964
0.14525,1512.72234345023
0.1453,1511.59893751199
0.14535,1510.47554025844
0.1454,1509.35215166625
0.14545,1508.22877171206
0.1455,1507.10540037241
0.14555,1505.98203762382
0.1456,1504.85868344274
0.14565,1503.73533780561
0.1457,1502.61200068882
0.14575,1501.48867206874
0.1458,1500.36535192175
0.14585,1499.24204022417
0.1459,1498.11873695237
0.14595,1496.99544208269
0.146,1495.8721555915
0.14605,1494.74887745517
0.1461,1493.62560765012
0.14615,1492.50234615278
0.1462,1491.37909293962
0.14625,1490.25584798718
0.1463,1489.13261127202
0.14635,1488.00938277079
0.1464,1486.88616246018
0.14645,1485.76295031697
0.1465,1484.63974631802
0.14655,1484.04453408358
0.1466,1484.07655906458
0.14665,1485.29236284816
0.1467,1487.29535221936
0.14675,1489.87685069975
0.1468,1492.86081031877
0.14685,1496.09869023395
0.1469,1499.46514403081
0.14695,1502.85438801495
0.147,1506.17714296887
0.14705,1509.3580588225
0.1471,1512.33354598281
0.14715,1515.04994910736
0.1472,1517.46200924492
0.14725,1519.53156880401
0.1473,1521.22648100032
0.14735,1522.51969148833
0.1474,1523.3884649814
0.14745,1523.81373395817
0.1475,1523.7795501693
0.14755,1523.272622703
0.1476,1522.24347691234
0.14765,1521.21433705991
0.1477,1520.09092762994
0.14775,1518.96752702655
0.1478,1517.84413522715
0.14785,1516.720752209
0.1479,1515.59737794929
0.14795,1514.4740124251
0.148,1513.3506556134
0.14805,1512.22730749107
0.1481,1511.10396803494
0.14815,1509.98063722174
0.1482,1508.85731502813
0.14825,1507.73400143072
0.1483,1506.61069640606
0.14835,1505.48739993065
0.1484,1504.36411198096
0.14845,1503.24083253341
0.1485,1502.11756156441
0.14855,1500.99429905034
0.1486,1499.87104496757
0.14865,1498.74779929247
0.1487,1497.62456200138
0.14875,1496.5013330707
0.1488,1495.3781124768
0.14885,1494.25490019608
0.1489,1493.13169620499
0.14895,1492.00850047999
0.149,1490.88531299761
0.14905,1489.76213373439
0.1491,1488.63896266695
0.14915,1487.51579977199
0.1492,1486.39264502624
0.14925,1485.26949840653
0.1493,1484.14635988976
0.14935,1483.97431125723
0.1494,1484.3669476415
0.14945,1485.98253206432
0.1495,1488.2847165514
0.14955,1491.0805603419
0.1496,1494.20728014841
0.14965,1497.52751895759
0.1497,1500.9253619029
0.14975,1504.30298124888
0.1498,1507.57781115039
0.14985,1510.68016853368
0.1499,1513.55124965354
0.14995,1516.14144300296
0.15,1518.40890861779
0.15005,1520.31838170645
0.1501,1521.84016517662
0.15015,1522.94928122468
0.1502,1523.62475686347
0.15025,1523.84902223124
0.1503,1523.60740386449
0.15035,1522.88769793079
0.1504,1521.8048007772
0.15045,1520.72190988373
0.1505,1519.59856550785
0.15055,1518.47522991787
0.1506,1517.35190309113
0.15065,1516.2285850049
0.1507,1515.10527563631
0.15075,1513.98197496242
0.1508,1512.85868296017
0.15085,1511.73539960645
0.1509,1510.61212487803
0.15095,1509.48885875164
0.151,1508.36560120393
0.15105,1507.2423522115
0.1511,1506.11911175089
0.15115,1504.9958797986
0.1512,1503.87265633109
0.15125,1502.7494413248
0.1513,1501.62623475614
0.15135,1500.50303660148
0.1514,1499.37984683723
0.15145,1498.25666543974
0.1515,1497.13349238541
0.15155,1496.01032765062
0.1516,1494.88717121179
0.15165,1493.76402304535
0.1517,1492.64088312776
0.15175,1491.51775143552
0.1518,1490.3946279452
0.15185,1489.27151263338
0.1519,1488.14840547673
0.15195,1487.02530645197
0.152,1485.9022155359
0.15205,1484.77913270539
0.1521,1484.07451986393
0.15215,1484.01314946267
0.1522,1485.12508932854
0.15225,1487.04996916751
0.1523,1489.57508350383
0.15235,1492.52098814127
0.1524,1495.7362788677
0.15245,1499.09319461526
0.1525,1502.48391489837
0.15255,1505.81744190419
0.1526,1509.01697491818
0.15265,1512.01769934301
0.1527,1514.76492484247
0.15275,1517.21251747913
0.1528,1519.32157941806
0.15285,1521.05933709943
0.1529,1522.39820495555
0.15295,1523.3149969459
0.153,1523.79026256147
0.15305,1523.80772763591
0.1531,1523.35382340551
0.15315,1522.33817922409
0.1532,1521.32254084965
0.15325,1520.19925126911
0.1533,1519.07597045706
0.15335,1517.95269839092
0.1534,1516.82943504804
0.15345,1515.70618040562
0.1535,1514.58293444078
0.15355,1513.45969713055
0.1536,1512.33646845184
0.15365,1511.21324838152
0.1537,1510.09003689635
0.15375,1508.96683397304
0.1538,1507.84363958824
0.15385,1506.72045371852
0.1539,1505.59727634042
0.15395,1504.47410743045
0.154,1503.35094696507
0.15405,1502.22779492071
0.1541,1501.10465127378
0.15415,1499.98151600069
0.1542,1498.85838907783
0.15425,1497.7352704816
0.1543,1496.61216018838
0.15435,1495.4890581746
0.1544,1494.3659644167
0.15445,1493.24287889112
0.1545,1492.11980157437
0.15455,1490.99673244299
0.1546,1489.87367147357
0.15465,1488.75061864273
0.1547,1487.62757392719
0.15475,1486.50453730372
0.1548,1485.38150874916
0.15485,1484.25848824045
0.1549,1483.98319055572
0.15495,1484.28795398236
0.155,1485.80628398303
0.15505,1488.0359418295
0.1551,1490.78011836472
0.15515,1493.87276931526
0.1552,1497.17378818081
0.15525,1500.56494133975
0.1553,1503.9464450192
0.15535,1507.23408277947
0.1554,1510.35677816427
0.15545,1513.25455064303
0.1555,1515.87679431927
0.15555,1518.18082843506
0.1556,1520.13067674867
0.15565,1521.69603963955
0.1557,1522.85142850129
0.15575,1523.57543678941
0.1558,1523.85012613739
0.15585,1523.66050936312
0.1559,1522.99411505725
0.15595,1521.92478155733
0.156,1520.85545418717
0.15605,1519.73222619823
0.1561,1518.60900693881
0.15615,1517.48579638633
0.1562,1516.36259451808
0.15625,1515.23940131124
0.1563,1514.11621674291
0.15635,1512.99304079007
0.1564,1511.86987342963
0.15645,1510.74671463843
0.1565,1509.62356439321
0.15655,1508.50042267067
0.1566,1507.37728944744
0.15665,1506.2541647001
0.1567,1505.13104840518
0.15675,1504.00794053918
0.1568,1502.88484107857
0.15685,1501.76174999977
0.1569,1500.63866727922
0.15695,1499.51559289332
0.157,1498.39252681848
0.15705,1497.26946903111
0.1571,1496.14641950763
0.15715,1495.02337822447
0.1572,1493.90034515811
0.15725,1492.77732028502
0.1573,1491.65430358173
0.15735,1490.53129502483
0.1574,1489.40829459092
0.15745,1488.2853022567
0.1575,1487.16231799891
0.15755,1486.03934179436
0.1576,1484.91637361996
0.15765,1484.10184874786
0.1577,1483.94662226867
0.15775,1484.95414609675
0.1578,1486.8004471075
0.15785,1489.26877812215
0.1579,1492.17628802054
0.15795,1495.36870021282
0.158,1498.71583139311
0.15805,1502.10781789844
0.1581,1505.4519379435
0.15815,1508.66993564192
0.1582,1511.69576758001
0.15825,1514.47370521811
0.1583,1516.95673692999
0.15835,1519.10522236151
0.1584,1520.88575926099
0.15845,1522.27022922469
0.1585,1523.23499409897
0.15855,1523.76021924216
0.1586,1523.82930360624
0.15865,1523.42839976259
0.1587,1522.42624746384
0.15875,1521.42410084326
0.1588,1520.30092470583
0.15885,1519.17775728199
0.1589,1518.05459854922
0.15895,1516.9314484849
0.159,1515.80830706628
0.15905,1514.68517427052
0.1591,1513.56205007468
0.15915,1512.43893445572
0.1592,1511.31582739053
0.15925,1510.19272885593
0.1593,1509.06963882864
0.15935,1507.94655728536
0.1594,1506.82348420269
0.15945,1505.70041955722
0.1595,1504.57736332547
0.15955,1503.45431548394
0.1596,1502.3312760091
0.15965,1501.20824487738
0.1597,1500.08522206522
0.15975,1498.96220754904
0.1598,1497.83920130527
0.15985,1496.71620331033
0.1599,1495.59321354065
0.15995,1494.47023197271
0.16,1493.34725858299
0.16005,1492.224293348
0.1601,1491.10133624431
0.16015,1489.97838724854
0.1602,1488.85544633733
0.16025,1487.73251348741
0.1603,1486.60958867559
0.16035,1485.48667187871
0.1604,1484.36376307374
0.16045,1483.98524766201
0.1605,1484.20216393546
0.16055,1485.62326838229
0.1606,1487.78041977169
0.16065,1490.47294229296
0.1607,1493.5315321552
0.16075,1496.81333460894
0.1608,1500.19779832083
0.16085,1503.58318436002
0.1609,1506.88362643358
0.16095,1510.02665532759
0.161,1512.95111425282
0.16105,1515.60540336726
0.1611,1517.94600149322
0.16115,1519.93622125395
0.1612,1521.54516076594
0.16125,1522.74682084334
0.1613,1523.519361572
0.16135,1523.84447623839
0.1614,1523.70686407396
0.16145,1523.09378620311
0.1615,1522.03801311238
0.16155,1520.98224602337
0.1616,1519.85912819092
0.16165,1518.73601903477
0.1617,1517.61291853236
0.16175,1516.48982666103
0.1618,1515.36674339801
0.16185,1514.2436687204
0.1619,1513.12060260526
0.16195,1511.99754502952
0.162,1510.87449597005
0.16205,1509.75145540364
0.1621,1508.62842330701
0.16215,1507.50539965683
0.1622,1506.38238442972
0.16225,1505.25937760223
0.1623,1504.1363791509
0.16235,1503.01338905223
0.1624,1501.89040728267
0.16245,1500.76743381869
0.1625,1499.64446863671
0.16255,1498.52151171319
0.1626,1497.39856302454
0.16265,1496.27562254723
0.1627,1495.1526902577
0.16275,1494.02976613245
0.1628,1492.90685014799
0.16285,1491.78394228087
0.1629,1490.66104250768
0.16295,1489.53815080508
0.163,1488.41526714976
0.16305,1487.29239151849
0.1631,1486.16952388811
0.16315,1485.04666423553
0.1632,1484.12227216204
0.16325,1483.87322740695
0.1633,1484.77637817289
0.16335,1486.54413220989
0.1634,1488.95570276119
0.16345,1491.82483357364
0.1635,1494.99437718921
0.16355,1498.33172933637
0.1636,1501.72498424729
0.16365,1505.07969706831
0.1637,1508.31615750338
0.16375,1511.36709396488
0.1638,1514.1757402512
0.16385,1516.69420750369
0.1639,1518.88211323356
0.16395,1520.70542682117
0.164,1522.13549729948
0.16405,1523.14823463121
0.1641,1523.72342023496
0.16415,1523.84412634307
0.1642,1523.49622699787
0.16425,1522.6679862072
0.1643,1521.55791360018
0.16435,1520.44784732316
0.1644,1519.32478688937
0.16445,1518.20173509503
0.1645,1517.07869191753
0.16455,1515.95565733417
0.1646,1514.83263132214
0.16465,1513.70961385855
0.1647,1512.58660492039
0.16475,1511.46360448459
0.1648,1510.340612528
0.16485,1509.21762902738
0.1649,1508.09465395945
0.16495,1506.97168730087
0.165,1505.84872902824
0.16505,1504.72577911812
0.1651,1503.60283754703
0.16515,1502.47990429147
0.1652,1501.35697932792
0.16525,1500.23406263284
0.1653,1499.11115418267
0.16535,1497.98825395386
0.1654,1496.86536192286
0.16545,1495.74247806615
0.1655,1494.6196023602
0.16555,1493.49673478152
0.1656,1492.37387530667
0.16565,1491.25102391222
0.1657,1490.12818057479
0.16575,1489.00534527109
0.1658,1487.88251797784
0.16585,1486.75969867186
0.1659,1485.63688733004
0.16595,1484.51408392933
0.166,1484.02639942108
0.16605,1484.15013279573
0.1661,1485.4676389458
0.16615,1487.54691304115
0.1662,1490.18325480442
0.16625,1493.20396803148
0.1663,1496.46333781102
0.16635,1499.83840085541
0.1664,1503.22538371346
0.16645,1506.53670340745
0.1665,1509.69844168641
0.16655,1512.64821810917
0.1666,1515.33339897787
0.16665,1517.70958908622
0.1667,1519.73936162
0.16675,1521.39118859879
0.1668,1522.63854018616
0.16685,1523.4591261959
0.1669,1523.83425733319
0.16695,1523.7483072557
0.167,1523.18825952613
0.16705,1522.14597729444
0.1671,1521.10370093905
0.16715,1519.98068736322
0.1672,1518.85768241341
0.16725,1517.7346860671
0.1673,1516.61169830168
0.16735,1515.48871909439
0.1674,1514.36574842241
0.16745,1513.2427862628
0.1675,1512.11983259254
0.16755,1510.99688738854
0.1676,1509.87395062761
0.16765,1508.75102228652
0.1677,1507.62810234197
0.16775,1506.5051907706
0.1678,1505.382287549
0.16785,1504.25939265374
0.1679,1503.13650606133
0.16795,1502.01362774828
0.168,1500.89075769107
0.16805,1499.76789586617
0.1681,1498.64504225002
0.16815,1497.5221968191
0.1682,1496.39935954988
0.16825,1495.27653041884
0.1683,1494.1537094025
0.16835,1493.03089647738
0.1684,1491.90809162006
0.16845,1490.78529480716
0.1685,1489.66250601534
0.16855,1488.53972522132
0.1686,1487.4169524019
0.16865,1486.29418753392
0.1687,1485.17143059432
0.16875,1484.13705197219
0.1688,1483.79407955921
0.16885,1484.5927243332
0.1689,1486.28181501739
0.16895,1488.63652303359
0.169,1491.46718510782
0.16905,1494.61378132541
0.1691,1497.94128511271
0.16915,1501.33574747262
0.1692,1504.70099953714
0.16925,1507.95587580468
0.1693,1511.03187584416
0.16935,1513.8711952287
0.1694,1516.42506739321
0.16945,1518.65236731534
0.1695,1520.51843567169
0.16955,1521.99408864907
0.1696,1523.05478408824
0.16965,1523.67991926707
0.1697,1523.85223952858
0.16975,1523.5573402426
0.1698,1522.78324735433
0.16985,1521.68691751701
0.1699,1520.59059388377
0.16995,1519.46763469388
0.17,1518.34468409468
0.17005,1517.2217420636
0.1701,1516.09880857797
0.17015,1514.97588361504
0.1702,1513.85296715192
0.17025,1512.73005916567
0.1703,1511.60715963324
0.17035,1510.4842685315
0.1704,1509.36138583727
0.17045,1508.23851152729
0.1705,1507.11564557824
0.17055,1505.99278796677
0.1706,1504.86993866945
0.17065,1503.74709766285
0.1707,1502.62426492349
0.17075,1501.50144042788
0.1708,1500.37862415249
0.17085,1499.25581607381
0.1709,1498.1330161683
0.17095,1497.01022441245
0.171,1495.88744078274
0.17105,1494.76466525568
0.1711,1493.64189780781
0.17115,1492.51913841568
0.1712,1491.39638705591
0.17125,1490.27364370514
0.1713,1489.15090834008
0.17135,1488.02818093748
0.1714,1486.90546147418
0.17145,1485.78274992707
0.1715,1484.66004627314
0.17155,1484.06293576891
0.1716,1484.09325367757
0.17165,1485.30688162143
0.1717,1487.30803844059
0.17175,1489.88799345647
0.1718,1492.87065305577
0.17185,1496.10743795971
0.1719,1499.47296938601
0.17195,1502.86143638295
0.172,1506.18353677927
0.17205,1509.3639011752
0.1721,1512.33892369992
0.17215,1515.05493530327
0.1722,1517.46666549053
0.17225,1519.53594694933
0.1723,1521.23062470924
0.17235,1522.52363753113
0.1724,1523.39224432313
0.17245,1523.81737267526
0.1725,1523.78307022137
0.17255,1523.27604258288
0.1726,1522.24724504284
0.17265,1521.2184532558
0.1727,1520.0955383611
0.17275,1518.97263204494
0.1728,1517.84973428484
0.17285,1516.72684505822
0.1729,1515.60396434237
0.17295,1514.48109211449
0.173,1513.35822835168
0.17305,1512.23537303096
0.1731,1511.11252612927
0.17315,1509.98968762346
0.1732,1508.86685749032
0.17325,1507.74403570658
0.1733,1506.62122224891
0.17335,1505.49841709395
0.1734,1504.37562021829
0.17345,1503.25283159846
0.1735,1502.130051211
0.17355,1501.00727903242
0.1736,1499.88451503921
0.17365,1498.76175920785
0.1737,1497.63901151482
0.17375,1496.51627193663
0.1738,1495.39354044979
0.17385,1494.27081703082
0.1739,1493.14810165627
0.17395,1492.02539430276
0.174,1490.9026949469
0.17405,1489.78000356539
0.1741,1488.65732013496
0.17415,1487.53464463242
0.1742,1486.41197703464
0.17425,1485.28931731857
0.1743,1484.16666546123
0.17435,1483.99270557875
0.1744,1484.38362341615
0.17445,1485.99702205819
0.1745,1488.29736562118
0.17455,1491.0916588966
0.1746,1494.21707274589
0.17465,1497.53621154383
0.1747,1500.93312790828
0.17475,1504.30996672193
0.1748,1507.58413908103
0.17485,1510.68594249383
0.1749,1513.55655686298
0.17495,1516.14635691111
0.175,1518.41349107786
0.17505,1520.32268480631
0.1751,1521.84423278065
0.17515,1522.95315027212
0.1752,1523.62845846184
0.17525,1523.85258257706
0.1753,1523.61084501868
0.17535,1522.89103847167
0.1754,1521.80847931821
0.17545,1520.72592624471
0.1755,1519.60306288095
0.17555,1518.48020806182
0.1756,1517.35736176481
0.17565,1516.23452396729
0.1757,1515.11169464653
0.17575,1513.98887377968
0.1758,1512.86606134384
0.17585,1511.74325731597
0.1759,1510.62046167301
0.17595,1509.49767439179
0.176,1508.37489544908
0.17605,1507.25212482159
0.1761,1506.129362486
0.17615,1505.00660841892
0.1762,1503.88386259694
0.17625,1502.76112499661
0.1763,1501.63839559446
0.17635,1500.51567436699
0.1764,1499.39296129071
0.17645,1498.27025634211
0.1765,1497.1475594977
0.17655,1496.02487073398
0.1766,1494.9021900275
0.17665,1493.77951735479
0.1767,1492.65685269246
0.17675,1491.53419601711
0.1768,1490.41154730541
0.17685,1489.2889065341
0.1769,1488.16627367994
0.17695,1487.04364871978
0.177,1485.92103163054
0.17705,1484.79842238921
0.1771,1484.09200347807
0.17715,1484.02900895929
0.1772,1485.13887941253
0.17725,1487.06201636233
0.1773,1489.58566278027
0.17735,1492.53033105688
0.1774,1495.74458042102
0.17745,1499.10061901798
0.1775,1502.49060043611
0.17755,1505.82350502981
0.1776,1509.02251369886
0.17765,1512.02279636305
0.1777,1514.76964964783
0.17775,1517.21692863596
0.1778,1519.32572624624
0.17785,1521.06326113244
0.1779,1522.40194116978
0.17795,1523.31857479595
0.178,1523.79370685193
0.17805,1523.81105925553
0.1781,1523.35705994544
0.17815,1522.34174533632
0.1782,1521.32643635885
0.17825,1520.2036148689
0.1783,1519.08080191265
0.17835,1517.95799746767
0.1784,1516.83520151139
0.17845,1515.71241402116
0.1785,1514.58963497421
0.17855,1513.46686434768
0.1786,1512.34410211861
0.17865,1511.22134826396
0.1787,1510.09860276064
0.17875,1508.97586558546
0.1788,1507.85313671518
0.17885,1506.7304161265
0.1789,1505.60770379609
0.17895,1504.48499970055
0.179,1503.36230381646
0.17905,1502.23961612038
0.1791,1501.11693658884
0.17915,1499.99426519836
0.1792,1498.87160192544
0.17925,1497.74894674659
0.1793,1496.62629963833
0.17935,1495.5036605772
0.1794,1494.38102953974
0.17945,1493.25840650253
0.1795,1492.13579144218
0.17955,1491.01318433536
0.1796,1489.89058515875
0.17965,1488.76799388911
0.1797,1487.64541050328
0.17975,1486.52283497812
0.1798,1485.40026729062
0.17985,1484.2777074178
0.1799,1484.00060201149
0.17995,1484.30373999677
0.18,1485.82000257398
0.18005,1488.04791921977
0.1801,1490.79062927162
0.18015,1493.88204508244
0.1802,1497.18202362627
0.18025,1500.5723005226
0.1803,1503.953066096
0.18035,1507.24008209379
0.1804,1510.36225369061
0.18045,1513.25958488695
0.1805,1515.88145675972
0.18055,1518.18517758102
0.1806,1520.13476187116
0.18065,1521.6999022301
0.1807,1522.85510350024
0.18075,1523.57895362016
0.1808,1523.8535095775
0.18085,1523.66378027776
0.1809,1522.9972910169
0.18095,1521.92827751075
0.181,1520.85926996382
0.18105,1519.73649726535
0.1811,1518.61373306805
0.18115,1517.49097734945
0.1812,1516.36823008696
0.18125,1515.24549125787
0.1813,1514.12276083938
0.18135,1513.0000388086
0.1814,1511.87732514256
0.18145,1510.7546198182
0.1815,1509.63192281238
0.18155,1508.50923410192
0.1816,1507.38655366355
0.18165,1506.26388147398
0.1817,1505.14121750984
0.18175,1504.01856174775
0.1818,1502.89591416428
0.18185,1501.773274736
0.1819,1500.65064343942
0.18195,1499.52802025109
0.182,1498.40540514751
0.18205,1497.28279810522
0.1821,1496.16019910073
0.18215,1495.03760811062
0.1822,1493.91502511144
0.18225,1492.7924500798
0.1823,1491.66988299235
0.18235,1490.54732382576
0.1824,1489.42477255678
0.18245,1488.3022291622
0.1825,1487.17969361888
0.18255,1486.05716590376
0.1826,1484.93464599383
0.18265,1484.11841144083
0.1827,1483.96164752541
0.18275,1484.96721240597
0.1828,1486.81186356802
0.18285,1489.27880503097
0.1829,1492.1851445778
0.18295,1495.37657101031
0.183,1498.72287187838
0.18305,1502.11415897618
0.1831,1505.45768985042
0.18315,1508.67519120993
0.1832,1511.7006049841
0.18325,1514.47819029046
0.1833,1516.96092510868
0.18335,1519.10916033157
0.1834,1520.88948633636
0.18345,1522.273778512
0.1835,1523.23839347754
0.18355,1523.76349218933
0.1836,1523.83246989236
0.18365,1523.43147603629
0.1837,1522.42963568177
0.18375,1521.42780083948
0.1838,1520.30506776196
0.18385,1519.18234317582
0.1839,1518.05962705864
0.18395,1516.93691938791
0.184,1515.814220141
0.18405,1514.69152929517
0.1841,1513.5688468276
0.18415,1512.44617271535
0.1842,1511.32350693544
0.18425,1510.20084946477
0.1843,1509.07820028021
0.18435,1507.95555935854
0.1844,1506.83292667649
0.18445,1505.71030221075
0.1845,1504.58768593796
0.18455,1503.46507783472
0.1846,1502.34247787761
0.18465,1501.21988604318
0.1847,1500.09730230798
0.18475,1498.97472664853
0.1848,1497.85215904138
0.18485,1496.72959946306
0.1849,1495.60704789011
0.18495,1494.48450429912
0.185,1493.36196866667
0.18505,1492.23944096939
0.1851,1491.11692118397
0.18515,1489.99440928711
0.1852,1488.87190525559
0.18525,1487.74940906625
0.1853,1486.62692069598
0.18535,1485.50444012176
0.1854,1484.38196732065
0.18545,1484.00173934086
0.1855,1484.21711572581
0.18555,1485.63626165385
0.1856,1487.79176354118
0.18565,1490.48289678776
0.1857,1493.54031651643
0.18575,1496.82113337839
0.1858,1500.20476690366
0.18585,1503.58945362498
0.1859,1506.88930658699
0.18595,1510.03183917559
0.186,1512.9558799486
0.18605,1515.60981672455
0.1861,1517.95011793451
0.18615,1519.94008745112
0.1862,1521.54881602185
0.18625,1522.75029825527
0.1863,1523.52268901144
0.18635,1523.84767717611
0.1864,1523.70995827483
0.18645,1523.09679031119
0.1865,1522.04132005061
0.18655,1520.98585563034
0.1866,1519.86316874227
0.18665,1518.74049031436
0.1867,1517.61782032416
0.18675,1516.4951587491
0.1868,1515.37250556653
0.18685,1514.24986075367
0.1869,1513.12722428767
0.18695,1512.00459614558
0.187,1510.88197630437
0.18705,1509.75936474095
0.1871,1508.63676143213
0.18715,1507.51416635471
0.1872,1506.39157948539
0.18725,1505.26900080086
0.1873,1504.14643027774
0.18735,1503.02386789265
0.1874,1501.90131362215
0.18745,1500.77876744281
0.1875,1499.65622933117
0.18755,1498.53369926378
0.1876,1497.41117721717
0.18765,1496.28866316791
0.1877,1495.16615709256
0.18775,1494.04365896771
0.1878,1492.92116876999
0.18785,1491.79868647605
0.1879,1490.67621206259
0.18795,1489.55374550638
0.188,1488.43128678421
0.18805,1487.30883587296
0.1881,1486.18639274958
0.18815,1485.06395739109
0.1882,1484.13794685212
0.18825,1483.88744667067
0.1883,1484.78874297114
0.18835,1486.55493512057
0.1884,1488.96519016803
0.18845,1491.83321295962
0.1885,1495.00182327849
0.18855,1498.33838926652
0.1886,1501.73098192483
0.18865,1505.0851368366
0.1887,1508.32112723143
0.18875,1511.37166764839
0.1888,1514.17998020303
0.18885,1516.69816619839
0.1889,1518.88583486076
0.18895,1520.70894859367
0.189,1522.13885055478
0.18905,1523.15144575916
0.1891,1523.72651145895
0.18915,1523.84711637786
0.1892,1523.49913160357
0.18925,1522.67081865578
0.1893,1521.56104413306
0.18935,1520.45127578332
0.1894,1519.32863451023
0.18945,1518.20600166635
0.1895,1517.08337722918
0.18955,1515.96076117613
0.1896,1514.83815348449
0.18965,1513.71555413148
0.1897,1512.59296309419
0.18975,1511.47038034966
0.1898,1510.34780587484
0.18985,1509.22523964661
0.1899,1508.10268164178
0.18995,1506.98013183711
0.19,1505.85759020932
0.19005,1504.73505673506
0.1901,1503.61253139097
0.19015,1502.49001415365
0.1902,1501.36750499968
0.19025,1500.24500390562
0.1903,1499.12251084802
0.19035,1498.00002580345
0.1904,1496.87754874844
0.19045,1495.75507965959
0.1905,1494.63261851347
0.19055,1493.51016528669
0.1906,1492.38771995592
0.19065,1491.26528249783
0.1907,1490.14285288916
0.19075,1489.02043110669
0.1908,1487.89801712727
0.19085,1486.77561092783
0.1909,1485.65321248534
0.19095,1484.53082177687
0.191,1484.04157206688
0.19105,1484.16389788307
0.1911,1485.4796099086
0.19115,1487.55737293176
0.1912,1490.19244198508
0.19125,1493.21208323035
0.1913,1496.47055006413
0.19135,1499.84485251043
0.1914,1503.2311946435
0.19145,1506.54197455949
0.1915,1509.7032580695
0.19155,1512.65265131085
0.1916,1515.33750928328
0.19165,1517.71342726259
0.1917,1519.74297041942
0.19175,1521.39460402373
0.1918,1522.64179255512
0.19185,1523.46224104089
0.1919,1523.83725615543
0.19195,1523.75120816206
0.192,1523.19107776504
0.19205,1522.14908276428
0.1921,1521.10709348705
0.19215,1519.98448781146
0.1922,1518.8618905573
0.19225,1517.73930170217
0.1923,1516.61672122354
0.19235,1515.49414909877
0.1924,1514.37158530513
0.19245,1513.24902981978
0.1925,1512.12648261982
0.19255,1511.00394368225
0.1926,1509.88141298398
0.19265,1508.75889050189
0.1927,1507.63637621277
0.19275,1506.51387009337
0.1928,1505.39137212039
0.19285,1504.26888227048
0.1929,1503.14640052029
0.19295,1502.02392684639
0.193,1500.90146122539
0.19305,1499.77900363383
0.1931,1498.6565540483
0.19315,1497.53411244534
0.1932,1496.41167880154
0.19325,1495.28925309348
0.1933,1494.16683529776
0.19335,1493.04442539104
0.1934,1491.92202334998
0.19345,1490.79962915131
0.1935,1489.67724277178
0.19355,1488.55486418822
0.1936,1487.43249337751
0.19365,1486.31013031662
0.1937,1485.18777498258
0.19375,1484.15186628336
0.1938,1483.80751793393
0.19385,1484.6044094121
0.1939,1486.29202344056
0.19395,1488.64548776404
0.194,1491.47510232751
0.19405,1494.62081624243
0.1941,1497.94757685162
0.19415,1501.34141319263
0.1942,1504.70613790016
0.19425,1507.96056989578
0.1943,1511.03619563088
0.19435,1513.87519963219
0.1944,1516.42880603223
0.19445,1518.655881975
0.1945,1520.52176154026
0.19455,1521.99725535954
0.1946,1523.05781659541
0.19465,1523.68283858615
0.1947,1523.85506335722
0.19475,1523.56008348465
0.1948,1522.78592256095
0.19485,1521.68987493278
0.1949,1520.59383336004
0.19495,1519.47127091671
0.195,1518.34871686507
0.19505,1517.22617118265
0.1951,1516.1036338469
0.19515,1514.98110483515
0.1952,1513.85858412463
0.19525,1512.73607169247
0.1953,1511.61356751574
0.19535,1510.49107157142
0.1954,1509.3685838364
0.19545,1508.24610428754
0.1955,1507.12363290162
0.19555,1506.00116965537
0.1956,1504.87871452549
0.19565,1503.75626748862
0.1957,1502.6338285214
0.19575,1501.51139760042
0.1958,1500.38897470226
0.19585,1499.26655980351
0.1959,1498.14415288073
0.19595,1497.0217539105
0.196,1495.89936286941
0.19605,1494.77697973406
0.1961,1493.65460448109
0.19615,1492.53223708716
0.1962,1491.40987752898
0.19625,1490.28752578328
0.1963,1489.16518182688
0.19635,1488.04284563663
0.1964,1486.92051718945
0.19645,1485.79819646236
0.1965,1484.67588343242
0.19655,1484.07729279344
0.1966,1484.1062796593
0.19665,1485.31821094263
0.1967,1487.31793882007
0.19675,1489.89669034457
0.1968,1492.87833630786
0.19685,1496.11426745602
0.1969,1499.4790797642
0.19695,1502.86694102348
0.197,1506.18853116156
0.19705,1509.36846570387
0.1971,1512.34312608489
0.19715,1515.05883256399
0.1972,1517.47030564385
0.19725,1519.53937043082
0.1973,1521.23386557019
0.19735,1522.52672444647
0.1974,1523.39520144027
0.19745,1523.82022032893
0.1975,1523.78582553553
0.19755,1523.27871997768
0.1976,1522.25019438952
0.19765,1521.22167440975
0.1977,1520.09914560319
0.19775,1518.97662518152
0.1978,1517.85411312237
0.19785,1516.73160940324
0.1979,1515.60911400153
0.19795,1514.48662689453
0.198,1513.36414805944
0.19805,1512.24167747338
0.1981,1511.11921511338
0.19815,1509.99676095639
0.1982,1508.87431497929
0.19825,1507.75187715892
0.1983,1506.62944747205
0.19835,1505.5070258954
0.1984,1504.38461240565
0.19845,1503.26220697945
0.1985,1502.13980959343
0.19855,1501.01742022418
0.1986,1499.8950388483
0.19865,1498.77266544237
0.1987,1497.65029998297
0.19875,1496.52794244669
0.1988,1495.40559281013
0.19885,1494.28325104993
0.1989,1493.16091714273
0.19895,1492.03859106524
0.199,1490.91627279416
0.19905,1489.7939623063
0.1991,1488.67165957848
0.19915,1487.5493645876
0.1992,1486.42707731064
0.19925,1485.30479772462
0.1993,1484.18252580669
0.19935,1484.00707413102
0.1994,1484.39665060386
0.19945,1486.00834320089
0.1995,1488.3072499241
0.19955,1491.10033306159
0.1996,1494.224727682
0.19965,1497.54300801837
0.1997,1500.93920130571
0.19975,1504.31543105138
0.1998,1507.58909035108
0.19985,1510.69046155452
0.1999,1513.56071179908
0.19995,1516.1502050575
0.2,1518.41708071681
